DATE,TIME,ID,CATEGORY,ACTION,TYPE,SYMBOL_ID,RAW,CARD_NAME
2020/9/30,上午 03:12:54,A,card,open,,0056,,我的筆記
2020/9/30,上午 03:12:54,A,card,open,,0056,,即時走勢
2020/9/30,上午 03:12:54,A,card,open,,0056,,Beta係數
2020/9/30,上午 03:12:54,A,card,open,,0056,,股價K線
2020/9/30,上午 03:12:54,A,card,open,,0056,,PTT批踢踢
2020/9/30,上午 03:12:54,A,card,open,,0056,,基本概況
2020/9/30,上午 03:12:54,A,card,open,,0056,,股利政策
2020/9/30,上午 03:12:54,A,card,open,,0056,,ETF持股明細
2020/9/30,上午 03:12:54,A,card,open,,0056,,樂活五線譜
2020/9/30,上午 03:12:54,A,card,open,,0056,,股價走勢
2020/9/30,上午 03:12:54,B,card,open,,6147,,股價走勢
2020/9/30,上午 03:12:54,B,card,open,,6147,,基本概況
2020/9/30,上午 03:12:54,B,card,open,,6147,,PTT批踢踢
2020/9/30,上午 03:12:54,B,card,open,,6147,,我的筆記
2020/9/30,上午 03:12:54,B,card,open,,6147,,新聞
2020/9/30,上午 03:12:54,B,card,open,,6147,,基本資料
2020/9/30,上午 03:12:54,B,card,open,,6147,,即時走勢
2020/9/30,上午 03:12:54,A,card,open,,0056,,基本資料
2020/9/30,上午 03:12:54,B,card,open,,6147,,股價K線
2020/9/30,上午 03:12:54,C,card,open,,911622,,股價走勢
2020/9/30,上午 03:12:54,C,card,open,,911622,,我的筆記
2020/9/30,上午 03:12:54,C,card,open,,911622,,即時走勢
2020/9/30,上午 03:12:54,C,card,open,,911622,,基本概況
2020/9/30,上午 03:12:54,C,card,open,,911622,,新聞
2020/9/30,上午 03:12:54,C,card,open,,911622,,基本資料
2020/9/30,上午 03:12:54,C,card,open,,911622,,股價K線
2020/9/30,上午 03:12:54,B,query,watchlistBar,,,6147,
2020/9/30,上午 03:12:54,D,card,open,,2303,,PTT批踢踢
2020/9/30,上午 03:12:54,D,card,open,,2303,,基本概況
2020/9/30,上午 03:12:54,D,card,open,,2303,,新聞
2020/9/30,上午 03:12:54,D,card,open,,2303,,即時走勢
2020/9/30,上午 03:12:54,D,card,open,,2303,,基本資料
2020/9/30,上午 03:12:54,E,query,watchlistBar,,,1402,
2020/9/30,上午 03:12:54,D,card,open,,2303,,股價K線
2020/9/30,上午 03:12:53,A,query,watchlistBar,,,0056,
2020/9/30,上午 03:12:53,D,query,watchlistBar,,,2303,
2020/9/30,上午 03:12:53,A,card,open,,3576,,股價K線
2020/9/30,上午 03:12:53,A,card,open,,3514,,股價K線
2020/9/30,上午 03:12:53,A,card,open,,3576,,PTT批踢踢
2020/9/30,上午 03:12:53,A,card,open,,3514,,PTT批踢踢
2020/9/30,上午 03:12:53,C,query,watchlistBar,,,911622,
2020/9/30,上午 03:12:53,B,card,open,,6244,,PEG計算機
2020/9/30,上午 03:12:53,B,card,open,,6244,,樂活五線譜
2020/9/30,上午 03:12:53,B,card,open,,6244,,融資融券
2020/9/30,上午 03:12:53,B,card,open,,6244,,愛因斯坦圖
2020/9/30,上午 03:12:53,B,card,open,,6244,,法人買賣超
2020/9/30,上午 03:12:53,B,card,open,,6244,,基本概況
2020/9/30,上午 03:12:53,B,card,open,,6244,,營收
2020/9/30,上午 03:12:53,B,card,open,,6244,,股價K線
2020/9/30,上午 03:12:53,B,card,open,,6244,,即時走勢
2020/9/30,上午 03:12:53,C,card,open,,9105,,我的筆記
2020/9/30,上午 03:12:53,C,card,open,,9105,,PTT批踢踢
2020/9/30,上午 03:12:53,C,card,open,,9105,,基本概況
2020/9/30,上午 03:12:53,B,card,open,,2392,,股價走勢
2020/9/30,上午 03:12:53,B,card,open,,2392,,我的筆記
2020/9/30,上午 03:12:53,B,card,open,,2392,,基本概況
2020/9/30,上午 03:12:53,B,card,open,,2392,,PTT批踢踢
2020/9/30,上午 03:12:53,B,card,open,,2392,,新聞
2020/9/30,上午 03:12:53,B,card,open,,2392,,基本資料
2020/9/30,上午 03:12:53,B,card,open,,2392,,即時走勢
2020/9/30,上午 03:12:53,C,card,open,,9105,,新聞
2020/9/30,上午 03:12:53,B,card,open,,2392,,股價K線
2020/9/30,上午 03:12:53,C,card,open,,9105,,即時走勢
2020/9/30,上午 03:12:53,C,card,open,,9105,,股價K線
2020/9/30,上午 03:12:53,B,query,watchlistBar,,,2392,
2020/9/30,上午 03:12:53,B,query,watchlistBar,,,6244,
2020/9/30,上午 03:12:53,C,query,watchlistBar,,,9105,
2020/9/30,上午 03:12:52,B,card,open,,6147,,股價走勢
2020/9/30,上午 03:12:52,B,card,open,,6147,,我的筆記
2020/9/30,上午 03:12:52,B,card,open,,6147,,PTT批踢踢
2020/9/30,上午 03:12:52,B,card,open,,6147,,新聞
2020/9/30,上午 03:12:52,B,card,open,,6147,,基本資料
2020/9/30,上午 03:12:52,B,card,open,,6147,,基本概況
2020/9/30,上午 03:12:52,B,card,open,,6147,,即時走勢
2020/9/30,上午 03:12:52,B,card,open,,6147,,股價K線
2020/9/30,上午 03:12:52,B,query,watchlistBar,,,6147,
2020/9/30,上午 03:12:52,D,query,localRecommendMenu,,6533,,
2020/9/30,上午 03:12:52,E,card,open,,1307,,股價走勢
2020/9/30,上午 03:12:52,E,card,open,,1307,,我的筆記
2020/9/30,上午 03:12:52,E,card,open,,1307,,PTT批踢踢
2020/9/30,上午 03:12:52,E,card,open,,1307,,基本概況
2020/9/30,上午 03:12:52,E,card,open,,1307,,新聞
2020/9/30,上午 03:12:52,E,card,open,,1307,,基本資料
2020/9/30,上午 03:12:52,E,card,open,,1307,,即時走勢
2020/9/30,上午 03:12:52,E,card,open,,1307,,股價K線
2020/9/30,上午 03:12:52,A,card,open,,TWSE_SEM_INDEX_1,,股價走勢
2020/9/30,上午 03:12:52,A,card,open,,TWSE_SEM_INDEX_1,,我的筆記
2020/9/30,上午 03:12:52,A,card,open,,TWSE_SEM_INDEX_1,,法人買賣超
2020/9/30,上午 03:12:52,A,card,open,,TWSE_SEM_INDEX_1,,樂活五線譜
2020/9/30,上午 03:12:52,A,card,open,,TWSE_SEM_INDEX_1,,大盤新聞情緒
2020/9/30,上午 03:12:52,A,card,open,,TWSE_SEM_INDEX_1,,PTT批踢踢
2020/9/30,上午 03:12:52,A,card,open,,TWSE_SEM_INDEX_1,,即時走勢
2020/9/30,上午 03:12:52,A,card,open,,TWSE_SEM_INDEX_1,,股價K線
2020/9/30,上午 03:12:51,B,card,open,,2351,,營收
2020/9/30,上午 03:12:51,B,card,open,,2351,,即時走勢
2020/9/30,上午 03:12:51,B,card,open,,2351,,股價走勢
2020/9/30,上午 03:12:51,B,card,open,,2351,,法人買賣超
2020/9/30,上午 03:12:51,B,card,open,,2351,,PTT批踢踢
2020/9/30,上午 03:12:51,B,card,open,,2351,,重大訊息
2020/9/30,上午 03:12:51,B,card,open,,2351,,股價K線
2020/9/30,上午 03:12:51,C,card,open,,2454,,股價K線
2020/9/30,上午 03:12:51,C,card,open,,2454,,法人買賣超
2020/9/30,上午 03:12:51,B,card,open,,2351,,基本資料
2020/9/30,上午 03:12:51,C,card,open,,2454,,當日主力券商
2020/9/30,上午 03:12:51,C,card,open,,2454,,近期主力券商
2020/9/30,上午 03:12:51,C,card,open,,2454,,短長期營收年增率
2020/9/30,上午 03:12:51,C,card,open,,2454,,融資融券
2020/9/30,上午 03:12:51,C,card,open,,2454,,PTT批踢踢
2020/9/30,上午 03:12:51,C,card,open,,2454,,即時走勢
2020/9/30,上午 03:12:51,C,card,open,,2454,,新聞
2020/9/30,上午 03:12:51,B,card,open,,6187,,股價走勢
2020/9/30,上午 03:12:51,B,card,open,,6187,,PTT批踢踢
2020/9/30,上午 03:12:51,B,card,open,,6187,,我的筆記
2020/9/30,上午 03:12:51,B,card,open,,6187,,基本概況
2020/9/30,上午 03:12:51,B,card,open,,6187,,新聞
2020/9/30,上午 03:12:51,B,card,open,,6187,,基本資料
2020/9/30,上午 03:12:51,B,card,open,,6187,,即時走勢
2020/9/30,上午 03:12:51,B,card,open,,6187,,股價K線
2020/9/30,上午 03:12:51,D,query,watchlistBar,,,2337,
2020/9/30,上午 03:12:51,B,query,watchlistBar,,,6187,
2020/9/30,上午 03:12:51,B,query,watchlistBar,,,2351,
2020/9/30,上午 03:12:51,C,query,watchlistBar,,,2454,
2020/9/30,上午 03:12:51,E,card,open,,2481,,EPS
2020/9/30,上午 03:12:51,E,card,open,,2481,,集保分布
2020/9/30,上午 03:12:51,E,card,open,,2481,,新聞
2020/9/30,上午 03:12:51,E,card,open,,2481,,營收
2020/9/30,上午 03:12:51,E,card,open,,2481,,ROE及ROA
2020/9/30,上午 03:12:51,E,card,open,,2481,,股利政策
2020/9/30,上午 03:12:51,E,card,open,,2481,,融資融券
2020/9/30,上午 03:12:51,E,card,open,,2481,,當日主力券商
2020/9/30,上午 03:12:51,E,card,open,,2481,,基本概況
2020/9/30,上午 03:12:51,E,card,open,,2481,,基本資料
2020/9/30,上午 03:12:51,E,card,open,,2481,,法人買賣超
2020/9/30,上午 03:12:51,E,card,open,,2481,,PTT批踢踢
2020/9/30,上午 03:12:51,E,card,open,,2481,,即時走勢
2020/9/30,上午 03:12:51,E,card,open,,2481,,股價K線
2020/9/30,上午 03:12:50,E,query,watchlistBar,,,2481,
2020/9/30,上午 03:12:50,A,card,open,,TWSE_SEM_INDEX_1,,股價走勢
2020/9/30,上午 03:12:50,A,card,open,,TWSE_SEM_INDEX_1,,法人買賣超
2020/9/30,上午 03:12:50,A,card,open,,TWSE_SEM_INDEX_1,,我的筆記
2020/9/30,上午 03:12:50,A,card,open,,TWSE_SEM_INDEX_1,,樂活五線譜
2020/9/30,上午 03:12:50,A,card,open,,TWSE_SEM_INDEX_1,,大盤新聞情緒
2020/9/30,上午 03:12:50,A,card,open,,TWSE_SEM_INDEX_1,,PTT批踢踢
2020/9/30,上午 03:12:50,A,card,open,,TWSE_SEM_INDEX_1,,即時走勢
2020/9/30,上午 03:12:50,A,card,open,,TWSE_SEM_INDEX_1,,股價K線
2020/9/30,上午 03:12:50,A,query,watchlistBar,,,TWSE_SEM_INDEX_1,
2020/9/30,上午 03:12:49,B,card,open,,2340,,近期主力券商
2020/9/30,上午 03:12:49,B,card,open,,2340,,短長期營收年增率
2020/9/30,上午 03:12:49,B,card,open,,2340,,產業本益比分布
2020/9/30,上午 03:12:49,B,card,open,,2340,,融資融券
2020/9/30,上午 03:12:49,B,card,open,,2340,,相關權證
2020/9/30,上午 03:12:49,B,card,open,,2340,,當日主力券商
2020/9/30,上午 03:12:49,B,card,open,,2340,,法人買賣超
2020/9/30,上午 03:12:49,B,card,open,,2340,,PTT批踢踢
2020/9/30,上午 03:12:49,B,card,open,,2340,,重大訊息
2020/9/30,上午 03:12:49,B,card,open,,2340,,基本概況
2020/9/30,上午 03:12:49,B,card,open,,2340,,新聞
2020/9/30,上午 03:12:49,B,card,open,,2340,,基本資料
2020/9/30,上午 03:12:49,B,card,open,,2340,,即時走勢
2020/9/30,上午 03:12:49,B,card,open,,2340,,股價K線
2020/9/30,上午 03:12:49,B,query,watchlistBar,,,2340,
2020/9/30,上午 03:12:49,C,card,open,,6244,,股價走勢
2020/9/30,上午 03:12:49,C,card,open,,6244,,新聞
2020/9/30,上午 03:12:49,C,card,open,,6244,,法人買賣超
2020/9/30,上午 03:12:49,C,card,open,,6244,,基本資料
2020/9/30,上午 03:12:49,C,card,open,,6244,,PTT批踢踢
2020/9/30,上午 03:12:49,C,card,open,,6244,,即時走勢
2020/9/30,上午 03:12:49,C,card,open,,6244,,股價K線
2020/9/30,上午 03:12:49,C,query,watchlistBar,,,6244,
2020/9/30,上午 03:12:49,D,card,open,,3576,,營收
2020/9/30,上午 03:12:49,D,card,open,,3576,,EPS
2020/9/30,上午 03:12:49,D,card,open,,3576,,股價走勢
2020/9/30,上午 03:12:49,D,card,open,,3576,,法人買賣超
2020/9/30,上午 03:12:49,D,card,open,,3576,,基本概況
2020/9/30,上午 03:12:49,D,card,open,,3576,,基本資料
2020/9/30,上午 03:12:49,D,card,open,,3576,,即時走勢
2020/9/30,上午 03:12:49,D,card,open,,3576,,股價K線
2020/9/30,上午 03:12:49,E,card,open,,4735,,集保分布
2020/9/30,上午 03:12:49,E,card,open,,4735,,我的筆記
2020/9/30,上午 03:12:49,E,card,open,,4735,,現金流量表
2020/9/30,上午 03:12:49,E,card,open,,4735,,新聞
2020/9/30,上午 03:12:49,E,card,open,,4735,,利潤比率
2020/9/30,上午 03:12:49,E,card,open,,4735,,ROE及ROA
2020/9/30,上午 03:12:49,E,card,open,,4735,,償債能力
2020/9/30,上午 03:12:49,E,card,open,,4735,,董監持股
2020/9/30,上午 03:12:49,E,card,open,,4735,,融資融券
2020/9/30,上午 03:12:49,E,card,open,,4735,,法人買賣超
2020/9/30,上午 03:12:49,E,card,open,,4735,,重大訊息
2020/9/30,上午 03:12:49,E,card,open,,4735,,短長期營收年增率
2020/9/30,上午 03:12:48,E,card,open,,4735,,本益比河流圖
2020/9/30,上午 03:12:48,E,card,open,,4735,,股價K線
2020/9/30,上午 03:12:48,E,card,open,,4735,,股利政策
2020/9/30,上午 03:12:48,E,card,open,,4735,,EPS
2020/9/30,上午 03:12:48,E,card,open,,4735,,營收
2020/9/30,上午 03:12:48,E,card,open,,4735,,即時走勢
2020/9/30,上午 03:12:48,D,query,watchlistBar,,,3576,
2020/9/30,上午 03:12:48,A,query,localRecommendMenu,,4976,,法人買賣超
2020/9/30,上午 03:12:48,B,card,open,,6527,,搜尋熱度
2020/9/30,上午 03:12:48,B,card,open,,6527,,基本概況
2020/9/30,上午 03:12:48,B,card,open,,6527,,我的筆記
2020/9/30,上午 03:12:48,B,card,open,,6527,,新聞
2020/9/30,上午 03:12:48,B,card,open,,6527,,即時走勢
2020/9/30,上午 03:12:48,B,card,open,,6527,,基本資料
2020/9/30,上午 03:12:48,B,card,open,,6527,,股價K線
2020/9/30,上午 03:12:48,B,card,open,,6527,,股價走勢
2020/9/30,上午 03:12:48,B,query,watchlistBar,,,6527,
2020/9/30,上午 03:12:47,A,card,open,,2330,,當日主力券商
2020/9/30,上午 03:12:47,A,card,open,,2330,,法人買賣超
2020/9/30,上午 03:12:47,A,card,open,,2330,,股價走勢
2020/9/30,上午 03:12:47,A,card,open,,2330,,PTT批踢踢
2020/9/30,上午 03:12:47,A,card,open,,2330,,我的筆記
2020/9/30,上午 03:12:47,A,card,open,,2330,,基本概況
2020/9/30,上午 03:12:47,A,card,open,,2330,,新聞
2020/9/30,上午 03:12:47,A,card,open,,2330,,基本資料
2020/9/30,上午 03:12:47,A,card,open,,2330,,即時走勢
2020/9/30,上午 03:12:47,A,card,open,,2330,,股價K線
2020/9/30,上午 03:12:47,A,query,watchlistBar,,,2330,
2020/9/30,上午 03:12:47,A,card,open,,2417,,融資融券
2020/9/30,上午 03:12:47,A,card,open,,2417,,重大訊息
2020/9/30,上午 03:12:47,A,card,open,,2417,,EPS
2020/9/30,上午 03:12:47,A,card,open,,2417,,營收
2020/9/30,上午 03:12:47,A,card,open,,2417,,股利政策
2020/9/30,上午 03:12:47,A,card,open,,2417,,當日主力券商
2020/9/30,上午 03:12:47,A,card,open,,2417,,近期主力券商
2020/9/30,上午 03:12:47,A,card,open,,2417,,法人買賣超
2020/9/30,上午 03:12:47,A,card,open,,2417,,基本概況
2020/9/30,上午 03:12:47,A,card,open,,2417,,PTT批踢踢
2020/9/30,上午 03:12:47,A,card,open,,2417,,新聞
2020/9/30,上午 03:12:47,A,card,open,,2417,,即時走勢
2020/9/30,上午 03:12:47,A,card,open,,2417,,基本資料
2020/9/30,上午 03:12:47,A,card,open,,2417,,股價K線
2020/9/30,上午 03:12:47,C,card,open,,4128,,PTT批踢踢
2020/9/30,上午 03:12:47,C,card,open,,4128,,基本資料
2020/9/30,上午 03:12:47,C,card,open,,4128,,新聞
2020/9/30,上午 03:12:47,C,card,open,,4128,,股價走勢
2020/9/30,上午 03:12:47,C,card,open,,4128,,法人買賣超
2020/9/30,上午 03:12:47,C,card,open,,4128,,即時走勢
2020/9/30,上午 03:12:47,C,card,open,,4128,,股價K線
2020/9/30,上午 03:12:47,A,query,watchlistBar,,,2417,
2020/9/30,上午 03:12:47,C,query,watchlistBar,,,4128,
2020/9/30,上午 03:12:46,C,card,open,,5701,,我的筆記
2020/9/30,上午 03:12:46,C,card,open,,5701,,即時走勢
2020/9/30,上午 03:12:46,C,card,open,,5701,,基本概況
2020/9/30,上午 03:12:46,C,card,open,,5701,,PTT批踢踢
2020/9/30,上午 03:12:46,C,card,open,,5701,,新聞
2020/9/30,上午 03:12:46,C,card,open,,5701,,股價K線
2020/9/30,上午 03:12:46,C,card,open,,5701,,基本資料
2020/9/30,上午 03:12:46,C,card,open,,5701,,股價走勢
2020/9/30,上午 03:12:46,C,query,stock-card,,,5701,
2020/9/30,上午 03:12:46,D,card,open,,6533,,利潤比率
2020/9/30,上午 03:12:46,D,card,open,,6533,,損益表
2020/9/30,上午 03:12:46,D,card,open,,6533,,EPS
2020/9/30,上午 03:12:46,D,card,open,,6533,,營收
2020/9/30,上午 03:12:46,D,card,open,,6533,,法人買賣超
2020/9/30,上午 03:12:46,D,card,open,,6533,,本益比河流圖
2020/9/30,上午 03:12:46,D,card,open,,6533,,我的筆記
2020/9/30,上午 03:12:46,D,card,open,,6533,,即時走勢
2020/9/30,上午 03:12:46,D,card,open,,6533,,基本概況
2020/9/30,上午 03:12:46,D,card,open,,6533,,PTT批踢踢
2020/9/30,上午 03:12:46,D,card,open,,6533,,股利政策
2020/9/30,上午 03:12:46,D,card,open,,6533,,新聞
2020/9/30,上午 03:12:45,D,query,watchlistBar,,,6533,
2020/9/30,上午 03:12:45,A,card,open,,TWSE_SEM_INDEX_1,,股價走勢
2020/9/30,上午 03:12:45,A,card,open,,TWSE_SEM_INDEX_1,,我的筆記
2020/9/30,上午 03:12:45,A,card,open,,TWSE_SEM_INDEX_1,,樂活五線譜
2020/9/30,上午 03:12:45,A,card,open,,TWSE_SEM_INDEX_1,,法人買賣超
2020/9/30,上午 03:12:45,A,card,open,,TWSE_SEM_INDEX_1,,大盤新聞情緒
2020/9/30,上午 03:12:45,A,card,open,,TWSE_SEM_INDEX_1,,PTT批踢踢
2020/9/30,上午 03:12:45,A,card,open,,TWSE_SEM_INDEX_1,,股價K線
2020/9/30,上午 03:12:45,A,card,open,,TWSE_SEM_INDEX_1,,即時走勢
2020/9/30,上午 03:12:45,D,card,open,,6443,,我的筆記
2020/9/30,上午 03:12:45,D,card,open,,6443,,PTT批踢踢
2020/9/30,上午 03:12:45,D,card,open,,6443,,基本概況
2020/9/30,上午 03:12:45,D,card,open,,6443,,新聞
2020/9/30,上午 03:12:45,D,card,open,,6443,,基本資料
2020/9/30,上午 03:12:45,D,card,open,,6443,,即時走勢
2020/9/30,上午 03:12:45,D,card,open,,6443,,EPS
2020/9/30,上午 03:12:45,D,card,open,,6443,,股價走勢
2020/9/30,上午 03:12:45,D,card,open,,6443,,營收
2020/9/30,上午 03:12:45,D,card,open,,6443,,法人買賣超
2020/9/30,上午 03:12:45,D,card,open,,6443,,基本概況
2020/9/30,上午 03:12:45,D,card,open,,6443,,基本資料
2020/9/30,上午 03:12:45,D,card,open,,6443,,股價走勢
2020/9/30,上午 03:12:45,D,card,open,,6443,,股價K線
2020/9/30,上午 03:12:45,D,card,open,,6443,,即時走勢
2020/9/30,上午 03:12:45,D,card,open,,6443,,股價K線
2020/9/30,上午 03:12:45,D,query,watchlistBar,,,6443,
2020/9/30,上午 03:12:45,D,query,watchlistBar,,,6443,
2020/9/30,上午 03:12:44,E,card,open,,2303,,基本概況
2020/9/30,上午 03:12:44,E,card,open,,2303,,PTT批踢踢
2020/9/30,上午 03:12:44,E,card,open,,2303,,新聞
2020/9/30,上午 03:12:44,E,card,open,,2303,,基本資料
2020/9/30,上午 03:12:44,E,card,open,,2303,,即時走勢
2020/9/30,上午 03:12:44,E,card,open,,2303,,股價K線
2020/9/30,上午 03:12:44,A,card,open,,8926,,我的筆記
2020/9/30,上午 03:12:44,A,card,open,,8926,,PTT批踢踢
2020/9/30,上午 03:12:44,A,card,open,,8926,,基本概況
2020/9/30,上午 03:12:44,A,card,open,,8926,,股價K線
2020/9/30,上午 03:12:44,A,card,open,,8926,,基本資料
2020/9/30,上午 03:12:44,A,card,open,,8926,,新聞
2020/9/30,上午 03:12:44,A,card,open,,8926,,即時走勢
2020/9/30,上午 03:12:44,E,query,watchlistBar,,,2303,
2020/9/30,上午 03:12:44,A,query,watchlistBar,,,8926,
2020/9/30,上午 03:12:44,B,card,open,,5701,,我的筆記
2020/9/30,上午 03:12:44,B,card,open,,5701,,PTT批踢踢
2020/9/30,上午 03:12:44,B,card,open,,5701,,基本概況
2020/9/30,上午 03:12:44,B,card,open,,5701,,新聞
2020/9/30,上午 03:12:44,B,card,open,,5701,,基本資料
2020/9/30,上午 03:12:44,B,card,open,,5701,,股價走勢
2020/9/30,上午 03:12:44,B,card,open,,5701,,即時走勢
2020/9/30,上午 03:12:44,B,card,open,,5701,,股價K線
2020/9/30,上午 03:12:43,B,query,stock-card,,,5701,
2020/9/30,上午 03:12:43,C,login,succeed,,,,
2020/9/30,上午 03:12:43,C,login,click,email,,,
2020/9/30,上午 03:12:43,D,card,open,,2753,,新聞
2020/9/30,上午 03:12:43,D,card,open,,2753,,基本概況
2020/9/30,上午 03:12:43,D,card,open,,2753,,基本資料
2020/9/30,上午 03:12:43,D,card,open,,2753,,即時走勢
2020/9/30,上午 03:12:43,D,card,open,,2753,,股價K線
2020/9/30,上午 03:12:43,D,query,stock-card,,,2753,
2020/9/30,上午 03:12:43,E,card,open,,6244,,新聞
2020/9/30,上午 03:12:42,A,card,open,,6244,,基本概況
2020/9/30,上午 03:12:42,E,card,open,,6244,,基本資料
2020/9/30,上午 03:12:41,B,card,open,,2317,,償債能力
2020/9/30,上午 03:12:41,B,card,open,,2317,,成長能力
2020/9/30,上午 03:12:41,B,card,open,,2317,,現金流量表
2020/9/30,上午 03:12:41,B,card,open,,2317,,董監持股
2020/9/30,上午 03:12:41,B,card,open,,2317,,損益表
2020/9/30,上午 03:12:41,B,card,open,,2317,,重大訊息
2020/9/30,上午 03:12:41,B,card,open,,2317,,資產負債表
2020/9/30,上午 03:12:41,B,card,open,,2317,,本益比河流圖
2020/9/30,上午 03:12:41,B,card,open,,2317,,經營能力
2020/9/30,上午 03:12:41,B,card,open,,2317,,ROE及ROA
2020/9/30,上午 03:12:41,B,card,open,,2317,,利潤比率
2020/9/30,上午 03:12:41,B,card,open,,2317,,基本概況
2020/9/30,上午 03:12:41,B,card,open,,2317,,EPS
2020/9/30,上午 03:12:41,B,card,open,,2317,,法人買賣超
2020/9/30,上午 03:12:41,B,card,open,,2317,,股利政策
2020/9/30,上午 03:12:41,B,card,open,,2317,,即時走勢
2020/9/30,上午 03:12:41,B,card,open,,2317,,股價K線
2020/9/30,上午 03:12:41,B,card,open,,2317,,基本資料
2020/9/30,上午 03:12:41,B,card,open,,2317,,股價走勢
2020/9/30,上午 03:12:41,B,query,textSearch,,,2317,
2020/9/30,上午 03:12:41,C,card,open,,6244,,股價走勢
2020/9/30,上午 03:12:40,D,card,open,,3483,,股價走勢
2020/9/30,上午 03:12:40,D,card,open,,3483,,我的筆記
2020/9/30,上午 03:12:40,D,card,open,,3483,,PTT批踢踢
2020/9/30,上午 03:12:40,D,card,open,,3483,,基本概況
2020/9/30,上午 03:12:40,D,card,open,,3483,,新聞
2020/9/30,上午 03:12:40,D,card,open,,3483,,基本資料
2020/9/30,上午 03:12:40,D,card,open,,3483,,即時走勢
2020/9/30,上午 03:12:40,D,card,open,,3483,,股價K線
2020/9/30,上午 03:12:40,D,query,watchlistBar,,,3483,
2020/9/30,上午 03:12:40,A,card,open,,5609,,當日主力券商
2020/9/30,上午 03:12:40,A,card,open,,5609,,股價走勢
2020/9/30,上午 03:12:40,A,card,open,,5609,,法人買賣超
2020/9/30,上午 03:12:40,A,card,open,,5609,,我的筆記
2020/9/30,上午 03:12:40,A,card,open,,5609,,PTT批踢踢
2020/9/30,上午 03:12:40,A,card,open,,5609,,基本概況
2020/9/30,上午 03:12:40,A,card,open,,5609,,新聞
2020/9/30,上午 03:12:40,A,card,open,,5609,,即時走勢
2020/9/30,上午 03:12:40,A,card,open,,5609,,基本資料
2020/9/30,上午 03:12:40,A,card,open,,5609,,股價K線
2020/9/30,上午 03:12:40,A,query,watchlistBar,,,5609,
2020/9/30,上午 03:12:40,D,card,open,,6244,,EPS
2020/9/30,上午 03:12:40,D,card,open,,6244,,營收
2020/9/30,上午 03:12:40,D,card,open,,6244,,股價走勢
2020/9/30,上午 03:12:40,D,card,open,,6244,,法人買賣超
2020/9/30,上午 03:12:40,D,card,open,,6244,,即時走勢
2020/9/30,上午 03:12:40,D,card,open,,6244,,基本概況
2020/9/30,上午 03:12:40,D,card,open,,6244,,基本資料
2020/9/30,上午 03:12:40,D,card,open,,6244,,股價K線
2020/9/30,上午 03:12:40,D,query,watchlistBar,,,6244,
2020/9/30,上午 03:12:39,A,query,watchlistBar,,,4976,
2020/9/30,上午 03:12:39,A,card,open,,4976,,我的筆記
2020/9/30,上午 03:12:39,A,card,open,,4976,,PTT批踢踢
2020/9/30,上午 03:12:39,A,card,open,,4976,,基本概況
2020/9/30,上午 03:12:39,A,card,open,,4976,,新聞
2020/9/30,上午 03:12:39,A,card,open,,4976,,基本資料
2020/9/30,上午 03:12:39,A,card,open,,4976,,即時走勢
2020/9/30,上午 03:12:39,A,card,open,,4976,,股價走勢
2020/9/30,上午 03:12:39,A,card,open,,4976,,股價K線
2020/9/30,上午 03:12:39,E,card,open,,4934,,股價走勢
2020/9/30,上午 03:12:39,E,card,open,,4934,,PTT批踢踢
2020/9/30,上午 03:12:39,E,card,open,,4934,,我的筆記
2020/9/30,上午 03:12:39,E,card,open,,4934,,基本概況
2020/9/30,上午 03:12:39,E,card,open,,4934,,新聞
2020/9/30,上午 03:12:39,E,card,open,,4934,,基本資料
2020/9/30,上午 03:12:39,E,card,open,,4934,,即時走勢
2020/9/30,上午 03:12:39,E,card,open,,4934,,股價K線
2020/9/30,上午 03:12:39,D,card,open,,9103,,PTT批踢踢
2020/9/30,上午 03:12:39,D,card,open,,9103,,基本概況
2020/9/30,上午 03:12:39,D,card,open,,9103,,新聞
2020/9/30,上午 03:12:39,D,card,open,,9103,,基本資料
2020/9/30,上午 03:12:39,D,card,open,,9103,,即時走勢
2020/9/30,上午 03:12:39,D,card,open,,9103,,股價K線
2020/9/30,上午 03:12:39,D,query,watchlistBar,,,9103,
2020/9/30,上午 03:12:39,E,query,watchlistBar,,,4934,
2020/9/30,上午 03:12:38,D,card,open,,6244,,即時走勢
2020/9/30,上午 03:12:38,D,card,open,,6244,,PTT批踢踢
2020/9/30,上午 03:12:38,D,card,open,,6244,,基本資料
2020/9/30,上午 03:12:38,D,card,open,,6244,,基本概況
2020/9/30,上午 03:12:38,D,card,open,,6244,,股價K線
2020/9/30,上午 03:12:38,D,card,open,,6244,,新聞
2020/9/30,上午 03:12:38,D,card,open,,5439,,股價走勢
2020/9/30,上午 03:12:38,D,card,open,,5439,,PTT批踢踢
2020/9/30,上午 03:12:38,D,card,open,,5439,,我的筆記
2020/9/30,上午 03:12:38,D,card,open,,5439,,基本概況
2020/9/30,上午 03:12:38,D,card,open,,5439,,基本資料
2020/9/30,上午 03:12:38,D,card,open,,5439,,新聞
2020/9/30,上午 03:12:38,D,card,open,,5439,,即時走勢
2020/9/30,上午 03:12:38,D,card,open,,5439,,股價K線
2020/9/30,上午 03:12:38,A,query,watchlistBar,,,4976,
2020/9/30,上午 03:12:38,D,query,watchlistBar,,,5439,
2020/9/30,上午 03:12:38,D,query,stock-card,,,6244,
2020/9/30,上午 03:12:38,A,card,open,,2636,,當日主力券商
2020/9/30,上午 03:12:38,A,card,open,,2636,,股價走勢
2020/9/30,上午 03:12:38,A,card,open,,2636,,法人買賣超
2020/9/30,上午 03:12:38,A,card,open,,2636,,我的筆記
2020/9/30,上午 03:12:38,A,card,open,,2636,,PTT批踢踢
2020/9/30,上午 03:12:38,A,card,open,,2636,,新聞
2020/9/30,上午 03:12:38,A,card,open,,2636,,基本概況
2020/9/30,上午 03:12:38,A,card,open,,2636,,即時走勢
2020/9/30,上午 03:12:38,A,card,open,,2636,,基本資料
2020/9/30,上午 03:12:38,A,card,open,,2636,,股價K線
2020/9/30,上午 03:12:37,A,query,watchlistBar,,,2636,
2020/9/30,上午 03:12:36,A,card,open,,6288,,我的筆記
2020/9/30,上午 03:12:36,A,card,open,,6288,,基本概況
2020/9/30,上午 03:12:36,A,card,open,,6288,,PTT批踢踢
2020/9/30,上午 03:12:36,A,card,open,,6288,,新聞
2020/9/30,上午 03:12:36,A,card,open,,6288,,基本資料
2020/9/30,上午 03:12:36,A,card,open,,6288,,股價走勢
2020/9/30,上午 03:12:36,A,card,open,,6288,,即時走勢
2020/9/30,上午 03:12:36,A,card,open,,6288,,股價K線
2020/9/30,上午 03:12:36,D,card,open,,6290,,股價走勢
2020/9/30,上午 03:12:36,D,card,open,,6290,,我的筆記
2020/9/30,上午 03:12:36,D,card,open,,6290,,PTT批踢踢
2020/9/30,上午 03:12:36,D,card,open,,6290,,基本概況
2020/9/30,上午 03:12:36,D,card,open,,6290,,新聞
2020/9/30,上午 03:12:36,D,card,open,,6290,,基本資料
2020/9/30,上午 03:12:36,D,card,open,,6290,,即時走勢
2020/9/30,上午 03:12:36,D,card,open,,6290,,股價K線
2020/9/30,上午 03:12:36,D,query,watchlistBar,,,6290,
2020/9/30,上午 03:12:36,A,query,watchlistBar,,,6288,
2020/9/30,上午 03:12:36,D,card,open,,912398,,PTT批踢踢
2020/9/30,上午 03:12:36,D,card,open,,912398,,基本概況
2020/9/30,上午 03:12:36,D,card,open,,912398,,新聞
2020/9/30,上午 03:12:36,D,card,open,,912398,,基本資料
2020/9/30,上午 03:12:36,D,card,open,,912398,,即時走勢
2020/9/30,上午 03:12:36,D,card,open,,912398,,股價K線
2020/9/30,上午 03:12:36,D,query,watchlistBar,,,912398,
2020/9/30,上午 03:12:36,A,card,open,,2330,,融資融券
2020/9/30,上午 03:12:36,A,card,open,,2330,,重大訊息
2020/9/30,上午 03:12:36,A,card,open,,2330,,營收
2020/9/30,上午 03:12:36,A,card,open,,2330,,股利政策
2020/9/30,上午 03:12:36,A,card,open,,2330,,EPS
2020/9/30,上午 03:12:36,A,card,open,,2330,,近期主力券商
2020/9/30,上午 03:12:36,A,card,open,,2330,,當日主力券商
2020/9/30,上午 03:12:36,A,card,open,,2330,,法人買賣超
2020/9/30,上午 03:12:36,A,card,open,,2330,,PTT批踢踢
2020/9/30,上午 03:12:36,A,card,open,,2330,,基本概況
2020/9/30,上午 03:12:36,A,card,open,,2330,,新聞
2020/9/30,上午 03:12:36,A,card,open,,2330,,基本資料
2020/9/30,上午 03:12:36,A,card,open,,2330,,即時走勢
2020/9/30,上午 03:12:36,A,card,open,,2330,,股價K線
2020/9/30,上午 03:12:36,A,query,watchlistBar,,,2330,
2020/9/30,上午 03:12:36,B,card,open,,0050,,我的筆記
2020/9/30,上午 03:12:36,B,card,open,,0050,,即時走勢
2020/9/30,上午 03:12:36,B,card,open,,0050,,Beta係數
2020/9/30,上午 03:12:36,B,card,open,,0050,,PTT批踢踢
2020/9/30,上午 03:12:36,B,card,open,,0050,,基本概況
2020/9/30,上午 03:12:36,B,card,open,,0050,,樂活五線譜
2020/9/30,上午 03:12:36,B,card,open,,0050,,股利政策
2020/9/30,上午 03:12:36,B,card,open,,0050,,股價K線
2020/9/30,上午 03:12:36,B,card,open,,0050,,ETF持股明細
2020/9/30,上午 03:12:36,B,card,open,,0050,,股價走勢
2020/9/30,上午 03:12:36,B,card,open,,0050,,基本資料
2020/9/30,上午 03:12:35,C,watchlist,addSymbol,,2889,,
2020/9/30,上午 03:12:35,B,query,watchlistBar,,,0050,
2020/9/30,上午 03:12:35,D,card,open,,3576,,營收
2020/9/30,上午 03:12:35,D,card,open,,3576,,股價走勢
2020/9/30,上午 03:12:35,D,card,open,,3576,,EPS
2020/9/30,上午 03:12:35,D,card,open,,3576,,基本概況
2020/9/30,上午 03:12:35,D,card,open,,3576,,法人買賣超
2020/9/30,上午 03:12:35,D,card,open,,3576,,基本資料
2020/9/30,上午 03:12:35,D,card,open,,3576,,即時走勢
2020/9/30,上午 03:12:35,D,card,open,,3576,,股價K線
2020/9/30,上午 03:12:35,D,query,watchlistBar,,,3576,
2020/9/30,上午 03:12:35,D,card,open,,5701,,PTT批踢踢
2020/9/30,上午 03:12:35,D,card,open,,5701,,我的筆記
2020/9/30,上午 03:12:35,D,card,open,,5701,,基本概況
2020/9/30,上午 03:12:35,D,card,open,,5701,,新聞
2020/9/30,上午 03:12:34,D,card,open,,5701,,股價走勢
2020/9/30,上午 03:12:34,D,card,open,,5701,,基本資料
2020/9/30,上午 03:12:34,D,card,open,,5701,,即時走勢
2020/9/30,上午 03:12:34,D,card,open,,5701,,股價K線
2020/9/30,上午 03:12:34,D,query,stock-card,,,5701,
2020/9/30,上午 03:12:34,E,query,watchlistBar,,,2406,
2020/9/30,上午 03:12:33,D,query,watchlistBar,,,2303,
2020/9/30,上午 03:12:33,A,card,open,,9103,,我的筆記
2020/9/30,上午 03:12:33,A,card,open,,9103,,PTT批踢踢
2020/9/30,上午 03:12:33,A,card,open,,9103,,基本概況
2020/9/30,上午 03:12:33,A,card,open,,9103,,基本資料
2020/9/30,上午 03:12:33,A,card,open,,9103,,新聞
2020/9/30,上午 03:12:33,A,card,open,,9103,,即時走勢
2020/9/30,上午 03:12:33,A,card,open,,9103,,股價K線
2020/9/30,上午 03:12:33,A,query,watchlistBar,,,9103,
2020/9/30,上午 03:12:33,D,card,open,,6244,,基本概況
2020/9/30,上午 03:12:33,D,card,open,,6244,,新聞
2020/9/30,上午 03:12:33,D,card,open,,6244,,我的筆記
2020/9/30,上午 03:12:33,D,card,open,,6244,,PTT批踢踢
2020/9/30,上午 03:12:33,D,card,open,,6244,,即時走勢
2020/9/30,上午 03:12:33,D,card,open,,6244,,基本資料
2020/9/30,上午 03:12:33,D,card,open,,6244,,股價K線
2020/9/30,上午 03:12:33,D,card,open,,6244,,股價走勢
2020/9/30,上午 03:12:33,D,query,watchlistBar,,,2303,
2020/9/30,上午 03:12:32,E,card,open,,TWSE_SEM_INDEX_1,,股價走勢
2020/9/30,上午 03:12:32,E,card,open,,TWSE_SEM_INDEX_1,,我的筆記
2020/9/30,上午 03:12:32,E,card,open,,TWSE_SEM_INDEX_1,,法人買賣超
2020/9/30,上午 03:12:32,E,card,open,,TWSE_SEM_INDEX_1,,樂活五線譜
2020/9/30,上午 03:12:32,E,card,open,,TWSE_SEM_INDEX_1,,大盤新聞情緒
2020/9/30,上午 03:12:32,E,card,open,,TWSE_SEM_INDEX_1,,PTT批踢踢
2020/9/30,上午 03:12:32,E,card,open,,TWSE_SEM_INDEX_1,,即時走勢
2020/9/30,上午 03:12:32,E,card,open,,TWSE_SEM_INDEX_1,,股價K線
2020/9/30,上午 03:12:32,E,query,watchlistBar,,,TWSE_SEM_INDEX_1,
2020/9/30,上午 03:12:32,D,query,watchlistBar,,,2303,
2020/9/30,上午 03:12:30,B,query,localRecommendMenu,,6176,,
2020/9/30,上午 03:12:29,E,query,watchlistBar,,,TPEX_OTC_INDEX_1,
2020/9/30,上午 03:12:29,C,card,open,,1436,,本益比河流圖
2020/9/30,上午 03:12:29,C,card,open,,1436,,經營能力
2020/9/30,上午 03:12:29,C,card,open,,1436,,即時走勢
2020/9/30,上午 03:12:29,C,card,open,,1436,,重大訊息
2020/9/30,上午 03:12:29,C,card,open,,1436,,融資融券
2020/9/30,上午 03:12:29,C,card,open,,1436,,新聞
2020/9/30,上午 03:12:29,C,card,open,,1436,,股利政策
2020/9/30,上午 03:12:29,C,card,open,,1436,,利潤比率
2020/9/30,上午 03:12:29,C,card,open,,1436,,董監持股
2020/9/30,上午 03:12:29,C,card,open,,1436,,集保分布
2020/9/30,上午 03:12:29,C,card,open,,1436,,法人買賣超
2020/9/30,上午 03:12:29,C,card,open,,1436,,EPS
2020/9/30,上午 03:12:29,C,card,open,,1436,,現金流量表
2020/9/30,上午 03:12:29,C,card,open,,1436,,申報轉讓
2020/9/30,上午 03:12:29,C,card,open,,1436,,營收
2020/9/30,上午 03:12:29,C,card,open,,1436,,股價K線
2020/9/30,上午 03:12:29,C,card,open,,1436,,基本概況
2020/9/30,上午 03:12:29,C,card,open,,1436,,基本資料
2020/9/30,上午 03:12:29,D,card,open,,6244,,近期主力券商
2020/9/30,上午 03:12:29,D,card,open,,6244,,法人買賣超
2020/9/30,上午 03:12:29,D,card,open,,6244,,當日主力券商
2020/9/30,上午 03:12:29,D,card,open,,6244,,樂活五線譜
2020/9/30,上午 03:12:29,D,card,open,,6244,,聚財網社群
2020/9/30,上午 03:12:29,D,card,open,,6244,,EPS
2020/9/30,上午 03:12:29,D,card,open,,6244,,營收
2020/9/30,上午 03:12:29,D,card,open,,6244,,PTT批踢踢
2020/9/30,上午 03:12:29,A,card,open,,TWSE_SEM_INDEX_1,,股價走勢
2020/9/30,上午 03:12:29,D,card,open,,6244,,我的筆記
2020/9/30,上午 03:12:29,A,card,open,,TWSE_SEM_INDEX_1,,我的筆記
2020/9/30,上午 03:12:29,A,card,open,,TWSE_SEM_INDEX_1,,法人買賣超
2020/9/30,上午 03:12:29,A,card,open,,TWSE_SEM_INDEX_1,,樂活五線譜
2020/9/30,上午 03:12:29,D,card,open,,6244,,基本概況
2020/9/30,上午 03:12:29,A,card,open,,TWSE_SEM_INDEX_1,,大盤新聞情緒
2020/9/30,上午 03:12:29,D,card,open,,6244,,新聞
2020/9/30,上午 03:12:29,D,card,open,,6244,,基本資料
2020/9/30,上午 03:12:29,A,card,open,,TWSE_SEM_INDEX_1,,即時走勢
2020/9/30,上午 03:12:29,A,card,open,,TWSE_SEM_INDEX_1,,PTT批踢踢
2020/9/30,上午 03:12:29,D,card,open,,6244,,即時走勢
2020/9/30,上午 03:12:29,D,card,open,,6244,,股價走勢
2020/9/30,上午 03:12:29,A,card,open,,TWSE_SEM_INDEX_1,,股價K線
2020/9/30,上午 03:12:29,D,card,open,,6244,,股價K線
2020/9/30,上午 03:12:29,E,card,open,,1727,,股利政策
2020/9/30,上午 03:12:29,D,query,watchlistBar,,,6244,
2020/9/30,上午 03:12:28,A,card,open,,6443,,股價走勢
2020/9/30,上午 03:12:28,A,card,open,,6443,,我的筆記
2020/9/30,上午 03:12:28,A,card,open,,6443,,PTT批踢踢
2020/9/30,上午 03:12:28,A,card,open,,6443,,新聞
2020/9/30,上午 03:12:28,A,card,open,,6443,,基本資料
2020/9/30,上午 03:12:28,A,card,open,,6443,,即時走勢
2020/9/30,上午 03:12:28,A,card,open,,6443,,基本概況
2020/9/30,上午 03:12:28,A,card,open,,6443,,股價K線
2020/9/30,上午 03:12:28,B,card,open,,1560,,三多風向圖
2020/9/30,上午 03:12:28,B,card,open,,1560,,集保分布
2020/9/30,上午 03:12:28,B,card,open,,1560,,資產負債表
2020/9/30,上午 03:12:28,B,card,open,,1560,,現金流量表
2020/9/30,上午 03:12:28,B,card,open,,1560,,損益表
2020/9/30,上午 03:12:28,B,card,open,,1560,,董監持股
2020/9/30,上午 03:12:28,B,card,open,,1560,,近期主力券商
2020/9/30,上午 03:12:28,B,card,open,,1560,,融資融券
2020/9/30,上午 03:12:28,B,card,open,,1560,,當日主力券商
2020/9/30,上午 03:12:28,B,card,open,,1560,,法人買賣超
2020/9/30,上午 03:12:28,B,card,open,,1560,,搜尋熱度
2020/9/30,上午 03:12:28,B,card,open,,1560,,我的筆記
2020/9/30,上午 03:12:28,B,card,open,,1560,,重大訊息
2020/9/30,上午 03:12:28,B,card,open,,1560,,股價走勢
2020/9/30,上午 03:12:28,B,card,open,,1560,,股利政策
2020/9/30,上午 03:12:28,B,card,open,,1560,,本益比河流圖
2020/9/30,上午 03:12:28,B,card,open,,1560,,EPS
2020/9/30,上午 03:12:28,B,card,open,,1560,,PTT批踢踢
2020/9/30,上午 03:12:28,B,card,open,,1560,,基本概況
2020/9/30,上午 03:12:28,B,card,open,,1560,,新聞
2020/9/30,上午 03:12:28,B,card,open,,1560,,基本資料
2020/9/30,上午 03:12:28,B,card,open,,1560,,即時走勢
2020/9/30,上午 03:12:28,B,card,open,,1560,,股價K線
2020/9/30,上午 03:12:28,C,card,open,,1806,,基本概況
2020/9/30,上午 03:12:28,C,card,open,,1806,,PTT批踢踢
2020/9/30,上午 03:12:28,C,card,open,,1806,,即時走勢
2020/9/30,上午 03:12:28,C,card,open,,1806,,新聞
2020/9/30,上午 03:12:28,C,card,open,,1806,,基本資料
2020/9/30,上午 03:12:28,C,card,open,,1806,,股價K線
2020/9/30,上午 03:12:28,C,query,watchlistBar,,,1806,
2020/9/30,上午 03:12:28,B,query,watchlistBar,,,1560,
2020/9/30,上午 03:12:27,A,query,watchlistBar,,,6443,
2020/9/30,上午 03:12:27,D,card,open,,3189,,股價K線
2020/9/30,上午 03:12:27,D,card,open,,3189,,即時走勢
2020/9/30,上午 03:12:27,D,card,open,,3189,,EPS
2020/9/30,上午 03:12:27,D,card,open,,3189,,新聞
2020/9/30,上午 03:12:27,D,card,open,,3189,,營收
2020/9/30,上午 03:12:27,D,card,open,,3189,,基本資料
2020/9/30,上午 03:12:27,D,card,open,,3189,,法人買賣超
2020/9/30,上午 03:12:27,D,card,open,,3189,,基本概況
2020/9/30,上午 03:12:27,D,card,open,,3189,,本益比河流圖
2020/9/30,上午 03:12:27,D,card,open,,3189,,PTT批踢踢
2020/9/30,上午 03:12:27,D,query,watchlistBar,,,3189,
2020/9/30,上午 03:12:27,E,card,open,,1718,,股利政策
2020/9/30,上午 03:12:26,A,card,open,,2753,,現金流量表
2020/9/30,上午 03:12:26,A,card,open,,2753,,成長能力
2020/9/30,上午 03:12:26,A,card,open,,2753,,ROE及ROA
2020/9/30,上午 03:12:26,A,card,open,,2753,,即時走勢
2020/9/30,上午 03:12:26,A,card,open,,2753,,新聞
2020/9/30,上午 03:12:26,A,card,open,,2753,,基本概況
2020/9/30,上午 03:12:26,A,card,open,,2753,,基本資料
2020/9/30,上午 03:12:26,A,card,open,,2753,,股價K線
2020/9/30,上午 03:12:26,A,query,stock-card,,,2753,
2020/9/30,上午 03:12:25,B,card,open,,6244,,PTT批踢踢
2020/9/30,上午 03:12:25,B,card,open,,6244,,新聞
2020/9/30,上午 03:12:25,B,card,open,,6244,,我的筆記
2020/9/30,上午 03:12:25,B,card,open,,6244,,基本概況
2020/9/30,上午 03:12:25,B,card,open,,6244,,股價走勢
2020/9/30,上午 03:12:25,B,card,open,,6244,,基本資料
2020/9/30,上午 03:12:25,B,card,open,,6244,,即時走勢
2020/9/30,上午 03:12:25,B,card,open,,6244,,股價K線
2020/9/30,上午 03:12:24,C,card,open,,00692,,ETF持股明細
2020/9/30,上午 03:12:24,C,card,open,,00692,,基本資料
2020/9/30,上午 03:12:24,C,card,open,,00692,,股價走勢
2020/9/30,上午 03:12:24,C,card,open,,00692,,我的筆記
2020/9/30,上午 03:12:24,C,card,open,,00692,,基本概況
2020/9/30,上午 03:12:24,C,card,open,,00692,,Beta係數
2020/9/30,上午 03:12:24,C,card,open,,00692,,股利政策
2020/9/30,上午 03:12:24,C,card,open,,00692,,PTT批踢踢
2020/9/30,上午 03:12:24,C,card,open,,00692,,樂活五線譜
2020/9/30,上午 03:12:24,C,card,open,,00692,,即時走勢
2020/9/30,上午 03:12:24,C,card,open,,00692,,股價K線
2020/9/30,上午 03:12:24,C,query,watchlistBar,,,00692,
2020/9/30,上午 03:12:23,D,card,open,,3536,,我的筆記
2020/9/30,上午 03:12:23,D,card,open,,3536,,PTT批踢踢
2020/9/30,上午 03:12:23,D,card,open,,3536,,基本概況
2020/9/30,上午 03:12:23,D,card,open,,3536,,新聞
2020/9/30,上午 03:12:23,D,card,open,,3536,,股價走勢
2020/9/30,上午 03:12:23,D,card,open,,3536,,即時走勢
2020/9/30,上午 03:12:23,D,card,open,,3536,,基本資料
2020/9/30,上午 03:12:23,D,card,open,,3536,,股價K線
2020/9/30,上午 03:12:23,E,card,open,,TPEX_OTC_INDEX_1,,股價走勢
2020/9/30,上午 03:12:23,E,card,open,,TPEX_OTC_INDEX_1,,我的筆記
2020/9/30,上午 03:12:23,E,card,open,,TPEX_OTC_INDEX_1,,樂活五線譜
2020/9/30,上午 03:12:23,E,card,open,,TPEX_OTC_INDEX_1,,即時走勢
2020/9/30,上午 03:12:23,E,card,open,,TPEX_OTC_INDEX_1,,股價K線
2020/9/30,上午 03:12:23,E,query,watchlistBar,,,TPEX_OTC_INDEX_1,
2020/9/30,上午 03:12:23,E,card,open,,9188,,我的筆記
2020/9/30,上午 03:12:23,E,card,open,,9188,,新聞
2020/9/30,上午 03:12:23,E,card,open,,9188,,基本概況
2020/9/30,上午 03:12:23,E,card,open,,9188,,即時走勢
2020/9/30,上午 03:12:23,E,card,open,,9188,,基本資料
2020/9/30,上午 03:12:23,E,card,open,,9188,,股價K線
2020/9/30,上午 03:12:22,D,query,watchlistBar,,,3536,
2020/9/30,上午 03:12:22,E,query,watchlistBar,,,9188,
2020/9/30,上午 03:12:22,A,card,open,,2884,,EPS
2020/9/30,上午 03:12:22,A,card,open,,2884,,短長期營收年增率
2020/9/30,上午 03:12:22,A,card,open,,2884,,本益比河流圖
2020/9/30,上午 03:12:22,A,card,open,,2884,,重大訊息
2020/9/30,上午 03:12:22,A,card,open,,2884,,法人買賣超
2020/9/30,上午 03:12:22,A,card,open,,2884,,PTT批踢踢
2020/9/30,上午 03:12:22,A,card,open,,2884,,近期主力券商
2020/9/30,上午 03:12:22,A,card,open,,2884,,我的筆記
2020/9/30,上午 03:12:22,A,card,open,,2884,,股價走勢
2020/9/30,上午 03:12:22,A,card,open,,2884,,當日主力券商
2020/9/30,上午 03:12:22,A,card,open,,2884,,基本概況
2020/9/30,上午 03:12:22,A,card,open,,2884,,新聞
2020/9/30,上午 03:12:22,A,card,open,,2884,,即時走勢
2020/9/30,上午 03:12:22,A,card,open,,2884,,股價K線
2020/9/30,上午 03:12:22,A,query,watchlistBar,,,2884,
2020/9/30,上午 03:12:21,D,card,open,,2753,,我的筆記
2020/9/30,上午 03:12:21,D,card,open,,2753,,股價走勢
2020/9/30,上午 03:12:21,D,card,open,,2753,,基本概況
2020/9/30,上午 03:12:21,D,card,open,,2753,,新聞
2020/9/30,上午 03:12:21,D,card,open,,2753,,基本資料
2020/9/30,上午 03:12:21,D,card,open,,2753,,即時走勢
2020/9/30,上午 03:12:21,D,card,open,,2753,,股價K線
2020/9/30,上午 03:12:21,B,card,open,,4907,,我的筆記
2020/9/30,上午 03:12:21,D,query,stock-card,,,2753,
2020/9/30,上午 03:12:21,B,card,open,,4907,,PTT批踢踢
2020/9/30,上午 03:12:21,B,card,open,,4907,,基本概況
2020/9/30,上午 03:12:21,B,card,open,,4907,,新聞
2020/9/30,上午 03:12:21,B,card,open,,4907,,基本資料
2020/9/30,上午 03:12:21,B,card,open,,4907,,即時走勢
2020/9/30,上午 03:12:20,B,card,open,,4907,,股價走勢
2020/9/30,上午 03:12:20,B,card,open,,4907,,股價K線
2020/9/30,上午 03:12:19,B,query,watchlistBar,,,4907,
2020/9/30,上午 03:12:19,C,card,open,,TWSE_SEM_INDEX_1,,我的筆記
2020/9/30,上午 03:12:19,C,card,open,,TWSE_SEM_INDEX_1,,法人買賣超
2020/9/30,上午 03:12:19,C,card,open,,TWSE_SEM_INDEX_1,,PTT批踢踢
2020/9/30,上午 03:12:19,C,card,open,,TWSE_SEM_INDEX_1,,即時走勢
2020/9/30,上午 03:12:19,C,card,open,,TWSE_SEM_INDEX_1,,樂活五線譜
2020/9/30,上午 03:12:19,C,card,open,,TWSE_SEM_INDEX_1,,股價K線
2020/9/30,上午 03:12:19,C,card,open,,TWSE_SEM_INDEX_1,,股價走勢
2020/9/30,上午 03:12:19,C,card,open,,TWSE_SEM_INDEX_1,,大盤新聞情緒
2020/9/30,上午 03:12:18,D,card,open,,6244,,基本資料
2020/9/30,上午 03:12:18,D,card,open,,6244,,新聞
2020/9/30,上午 03:12:18,D,card,open,,6244,,PTT批踢踢
2020/9/30,上午 03:12:18,D,card,open,,6244,,我的筆記
2020/9/30,上午 03:12:18,D,card,open,,6244,,基本概況
2020/9/30,上午 03:12:18,D,card,open,,6244,,股價走勢
2020/9/30,上午 03:12:18,D,card,open,,6244,,即時走勢
2020/9/30,上午 03:12:18,D,card,open,,6244,,股價K線
2020/9/30,上午 03:12:18,D,card,open,,6541,,基本概況
2020/9/30,上午 03:12:18,D,card,open,,6541,,PTT批踢踢
2020/9/30,上午 03:12:18,D,card,open,,6541,,基本資料
2020/9/30,上午 03:12:18,D,card,open,,6541,,法人買賣超
2020/9/30,上午 03:12:18,D,card,open,,6541,,新聞
2020/9/30,上午 03:12:18,D,card,open,,6541,,即時走勢
2020/9/30,上午 03:12:18,D,card,open,,6541,,股價K線
2020/9/30,上午 03:12:18,D,query,watchlistBar,,,6244,
2020/9/30,上午 03:12:17,D,query,watchlistBar,,,6541,
2020/9/30,上午 03:12:17,E,card,open,,9110,,基本概況
2020/9/30,上午 03:12:17,E,card,open,,9110,,我的筆記
2020/9/30,上午 03:12:17,E,card,open,,9110,,PTT批踢踢
2020/9/30,上午 03:12:17,E,card,open,,9110,,基本資料
2020/9/30,上午 03:12:17,E,card,open,,9110,,新聞
2020/9/30,上午 03:12:17,E,card,open,,9110,,即時走勢
2020/9/30,上午 03:12:17,E,card,open,,9110,,股價K線
2020/9/30,上午 03:12:17,E,card,open,,1781,,PTT批踢踢
2020/9/30,上午 03:12:17,E,card,open,,1781,,我的筆記
2020/9/30,上午 03:12:17,E,card,open,,1781,,基本概況
2020/9/30,上午 03:12:16,E,card,open,,1781,,新聞
2020/9/30,上午 03:12:16,E,card,open,,1781,,即時走勢
2020/9/30,上午 03:12:16,E,card,open,,1781,,基本資料
2020/9/30,上午 03:12:16,E,card,open,,1781,,股價走勢
2020/9/30,上午 03:12:16,E,card,open,,1781,,股價K線
2020/9/30,上午 03:12:16,E,query,watchlistBar,,,9110,
2020/9/30,上午 03:12:16,E,query,watchlistBar,,,1781,
2020/9/30,上午 03:12:16,A,query,localRecommendMenu,,2330,,股利政策
2020/9/30,上午 03:12:15,B,card,open,,9136,,股價走勢
2020/9/30,上午 03:12:15,B,card,open,,9136,,我的筆記
2020/9/30,上午 03:12:15,B,card,open,,9136,,法人買賣超
2020/9/30,上午 03:12:15,B,card,open,,9136,,樂活五線譜
2020/9/30,上午 03:12:15,B,card,open,,9136,,PTT批踢踢
2020/9/30,上午 03:12:15,B,card,open,,9136,,即時走勢
2020/9/30,上午 03:12:15,B,card,open,,9136,,股價K線
2020/9/30,上午 03:12:15,B,query,watchlistBar,,,9136,
2020/9/30,上午 03:12:15,D,watchlist,addSymbol,,2890,,
2020/9/30,上午 03:12:14,D,watchlist,removeSymbol,,2890,,
2020/9/30,上午 03:12:14,D,watchlist,removeSymbol,,2890,,
2020/9/30,上午 03:12:14,D,watchlist,addSymbol,,2890,,
2020/9/30,上午 03:12:13,D,card,open,,6244,,當日主力券商
2020/9/30,上午 03:12:13,D,card,open,,6244,,法人買賣超
2020/9/30,上午 03:12:13,D,card,open,,6244,,近期主力券商
2020/9/30,上午 03:12:13,D,card,open,,6244,,樂活五線譜
2020/9/30,上午 03:12:13,D,card,open,,6244,,聚財網社群
2020/9/30,上午 03:12:13,D,card,open,,6244,,EPS
2020/9/30,上午 03:12:13,D,card,open,,6244,,營收
2020/9/30,上午 03:12:13,D,card,open,,6244,,PTT批踢踢
2020/9/30,上午 03:12:13,D,card,open,,6244,,我的筆記
2020/9/30,上午 03:12:13,D,card,open,,6244,,基本概況
2020/9/30,上午 03:12:13,D,card,open,,6244,,基本資料
2020/9/30,上午 03:12:13,D,card,open,,6244,,新聞
2020/9/30,上午 03:12:13,D,card,open,,6244,,即時走勢
2020/9/30,上午 03:12:13,D,card,open,,6244,,股價走勢
2020/9/30,上午 03:12:13,D,card,open,,6244,,股價K線
2020/9/30,上午 03:12:13,D,query,watchlistBar,,,6244,
2020/9/30,上午 03:12:13,D,query,watchlistBar,,,2337,
2020/9/30,上午 03:12:12,C,card,open,,1423,,即時走勢
2020/9/30,上午 03:12:12,C,card,open,,1423,,本益比河流圖
2020/9/30,上午 03:12:12,C,card,open,,1423,,經營能力
2020/9/30,上午 03:12:12,C,card,open,,1423,,重大訊息
2020/9/30,上午 03:12:12,C,card,open,,1423,,融資融券
2020/9/30,上午 03:12:12,C,card,open,,1423,,新聞
2020/9/30,上午 03:12:12,C,card,open,,1423,,現金流量表
2020/9/30,上午 03:12:12,C,card,open,,1423,,股利政策
2020/9/30,上午 03:12:12,C,card,open,,1423,,法人買賣超
2020/9/30,上午 03:12:12,C,card,open,,1423,,集保分布
2020/9/30,上午 03:12:12,C,card,open,,1423,,申報轉讓
2020/9/30,上午 03:12:12,C,card,open,,1423,,EPS
2020/9/30,上午 03:12:12,C,card,open,,1423,,利潤比率
2020/9/30,上午 03:12:12,C,card,open,,1423,,營收
2020/9/30,上午 03:12:12,C,card,open,,1423,,董監持股
2020/9/30,上午 03:12:12,C,card,open,,1423,,基本概況
2020/9/30,上午 03:12:12,C,card,open,,1423,,基本資料
2020/9/30,上午 03:12:12,C,card,open,,1423,,股價K線
2020/9/30,上午 03:12:12,C,card,open,,1477,,新聞
2020/9/30,上午 03:12:12,C,card,open,,1477,,營收
2020/9/30,上午 03:12:12,C,card,open,,1477,,法人買賣超
2020/9/30,上午 03:12:12,C,card,open,,1477,,EPS
2020/9/30,上午 03:12:12,C,card,open,,1477,,利潤比率
2020/9/30,上午 03:12:12,C,card,open,,1477,,基本概況
2020/9/30,上午 03:12:12,C,card,open,,1477,,股價走勢
2020/9/30,上午 03:12:12,C,card,open,,1477,,股價K線
2020/9/30,上午 03:12:12,D,watchlist,removeSymbol,,2890,,
2020/9/30,上午 03:12:12,C,query,watchlistBar,,,1477,
2020/9/30,上午 03:12:12,D,card,open,,3596,,股價走勢
2020/9/30,上午 03:12:12,D,card,open,,3596,,我的筆記
2020/9/30,上午 03:12:12,D,card,open,,3596,,PTT批踢踢
2020/9/30,上午 03:12:12,D,card,open,,3596,,基本概況
2020/9/30,上午 03:12:12,D,card,open,,3596,,新聞
2020/9/30,上午 03:12:12,D,card,open,,3596,,即時走勢
2020/9/30,上午 03:12:12,D,card,open,,3596,,基本資料
2020/9/30,上午 03:12:12,D,card,open,,3596,,股價K線
2020/9/30,上午 03:12:12,D,query,watchlistBar,,,3596,
2020/9/30,上午 03:12:12,E,query,watchlistBar,,,5609,
2020/9/30,上午 03:12:12,D,watchlist,addSymbol,,2890,,
2020/9/30,上午 03:12:11,E,card,open,,5906,,當日主力券商
2020/9/30,上午 03:12:10,E,query,watchlistBar,,,5609,
2020/9/30,上午 03:12:08,A,card,open,,1305,,股價走勢
2020/9/30,上午 03:12:08,A,card,open,,1305,,我的筆記
2020/9/30,上午 03:12:08,A,card,open,,1305,,PTT批踢踢
2020/9/30,上午 03:12:08,A,card,open,,1305,,基本概況
2020/9/30,上午 03:12:08,A,card,open,,1305,,新聞
2020/9/30,上午 03:12:08,A,card,open,,1305,,基本資料
2020/9/30,上午 03:12:08,A,card,open,,1305,,即時走勢
2020/9/30,上午 03:12:08,A,card,open,,1305,,股價K線
2020/9/30,上午 03:12:08,D,card,open,,2890,,即時走勢
2020/9/30,上午 03:12:08,D,card,open,,2890,,PTT批踢踢
2020/9/30,上午 03:12:08,D,card,open,,2890,,我的筆記
2020/9/30,上午 03:12:08,D,card,open,,2890,,基本概況
2020/9/30,上午 03:12:08,D,card,open,,2890,,新聞
2020/9/30,上午 03:12:08,D,card,open,,2890,,基本資料
2020/9/30,上午 03:12:08,D,card,open,,2890,,股價K線
2020/9/30,上午 03:12:08,D,card,open,,2890,,股價走勢
2020/9/30,上午 03:12:08,D,query,watchlistBar,,,2890,
2020/9/30,上午 03:12:08,A,query,watchlistBar,,,1305,
2020/9/30,上午 03:12:08,D,card,open,,2330,,股價走勢
2020/9/30,上午 03:12:08,D,card,open,,2330,,我的筆記
2020/9/30,上午 03:12:08,D,card,open,,2330,,PTT批踢踢
2020/9/30,上午 03:12:08,D,card,open,,2330,,基本概況
2020/9/30,上午 03:12:08,D,card,open,,2330,,基本資料
2020/9/30,上午 03:12:08,D,card,open,,2330,,即時走勢
2020/9/30,上午 03:12:08,D,card,open,,2330,,新聞
2020/9/30,上午 03:12:08,D,card,open,,2330,,股價K線
2020/9/30,上午 03:12:08,D,query,watchlistBar,,,2330,
2020/9/30,上午 03:12:08,A,card,open,,2753,,我的筆記
2020/9/30,上午 03:12:08,A,card,open,,2753,,基本概況
2020/9/30,上午 03:12:08,A,card,open,,2753,,新聞
2020/9/30,上午 03:12:08,A,card,open,,2753,,基本資料
2020/9/30,上午 03:12:08,A,card,open,,2753,,股價走勢
2020/9/30,上午 03:12:08,A,card,open,,2753,,即時走勢
2020/9/30,上午 03:12:08,A,card,open,,2753,,股價K線
2020/9/30,上午 03:12:07,A,query,stock-card,,,2753,
2020/9/30,上午 03:12:07,B,card,open,,00692,,我的筆記
2020/9/30,上午 03:12:07,B,card,open,,00692,,即時走勢
2020/9/30,上午 03:12:07,B,card,open,,00692,,Beta係數
2020/9/30,上午 03:12:07,B,card,open,,00692,,PTT批踢踢
2020/9/30,上午 03:12:07,B,card,open,,00692,,股價K線
2020/9/30,上午 03:12:07,B,card,open,,00692,,基本概況
2020/9/30,上午 03:12:07,B,card,open,,00692,,股利政策
2020/9/30,上午 03:12:07,B,card,open,,00692,,ETF持股明細
2020/9/30,上午 03:12:07,B,card,open,,00692,,樂活五線譜
2020/9/30,上午 03:12:07,B,card,open,,00692,,股價走勢
2020/9/30,上午 03:12:07,B,card,open,,00692,,基本資料
2020/9/30,上午 03:12:07,B,query,watchlistBar,,,00692,
2020/9/30,上午 03:12:06,C,card,open,,6244,,股價走勢
2020/9/30,上午 03:12:06,C,card,open,,6244,,我的筆記
2020/9/30,上午 03:12:06,C,card,open,,6244,,PTT批踢踢
2020/9/30,上午 03:12:06,C,card,open,,6244,,基本概況
2020/9/30,上午 03:12:06,C,card,open,,6244,,新聞
2020/9/30,上午 03:12:06,C,card,open,,6244,,基本資料
2020/9/30,上午 03:12:06,C,card,open,,6244,,即時走勢
2020/9/30,上午 03:12:06,C,card,open,,6244,,股價K線
2020/9/30,上午 03:12:06,A,card,open,,6016,,股價走勢
2020/9/30,上午 03:12:06,A,card,open,,6016,,PTT批踢踢
2020/9/30,上午 03:12:06,A,card,open,,6016,,我的筆記
2020/9/30,上午 03:12:06,A,card,open,,6016,,基本概況
2020/9/30,上午 03:12:06,A,card,open,,6016,,新聞
2020/9/30,上午 03:12:06,A,card,open,,6016,,基本資料
2020/9/30,上午 03:12:06,A,card,open,,6016,,即時走勢
2020/9/30,上午 03:12:06,A,card,open,,6016,,股價K線
2020/9/30,上午 03:12:06,C,query,watchlistBar,,,6244,
2020/9/30,上午 03:12:06,A,query,watchlistBar,,,6016,
2020/9/30,上午 03:12:05,D,query,localRecommendMenu,,8462,,股利政策
2020/9/30,上午 03:12:05,D,card,open,,6133,,我的筆記
2020/9/30,上午 03:12:05,D,card,open,,6133,,PTT批踢踢
2020/9/30,上午 03:12:05,D,card,open,,6133,,即時走勢
2020/9/30,上午 03:12:05,D,card,open,,6133,,基本資料
2020/9/30,上午 03:12:05,D,card,open,,6133,,基本概況
2020/9/30,上午 03:12:05,D,card,open,,6133,,股價K線
2020/9/30,上午 03:12:05,D,card,open,,6133,,新聞
2020/9/30,上午 03:12:05,D,card,open,,6133,,股價走勢
2020/9/30,上午 03:12:05,D,query,watchlistBar,,,6133,
2020/9/30,上午 03:12:05,B,card,open,,006208,,我的筆記
2020/9/30,上午 03:12:05,B,card,open,,006208,,即時走勢
2020/9/30,上午 03:12:05,B,card,open,,006208,,Beta係數
2020/9/30,上午 03:12:04,B,card,open,,006208,,股價K線
2020/9/30,上午 03:12:04,B,card,open,,006208,,PTT批踢踢
2020/9/30,上午 03:12:04,B,card,open,,006208,,基本概況
2020/9/30,上午 03:12:04,B,card,open,,006208,,股利政策
2020/9/30,上午 03:12:04,B,card,open,,006208,,ETF持股明細
2020/9/30,上午 03:12:04,B,card,open,,006208,,樂活五線譜
2020/9/30,上午 03:12:04,B,card,open,,006208,,股價走勢
2020/9/30,上午 03:12:04,B,card,open,,006208,,基本資料
2020/9/30,上午 03:12:04,D,card,open,,6443,,EPS
2020/9/30,上午 03:12:04,D,card,open,,6443,,營收
2020/9/30,上午 03:12:04,D,card,open,,6443,,股價走勢
2020/9/30,上午 03:12:04,D,card,open,,6443,,法人買賣超
2020/9/30,上午 03:12:04,D,card,open,,6443,,基本概況
2020/9/30,上午 03:12:04,D,card,open,,6443,,即時走勢
2020/9/30,上午 03:12:04,D,card,open,,6443,,基本資料
2020/9/30,上午 03:12:04,D,card,open,,6443,,股價K線
2020/9/30,上午 03:12:04,D,query,watchlistBar,,,6443,
2020/9/30,上午 03:12:04,B,query,watchlistBar,,,006208,
2020/9/30,上午 03:12:03,E,card,open,,4743,,股價走勢
2020/9/30,上午 03:12:03,E,card,open,,4743,,我的筆記
2020/9/30,上午 03:12:03,E,card,open,,4743,,基本概況
2020/9/30,上午 03:12:03,E,card,open,,4743,,PTT批踢踢
2020/9/30,上午 03:12:03,E,card,open,,4743,,基本資料
2020/9/30,上午 03:12:03,E,card,open,,4743,,新聞
2020/9/30,上午 03:12:03,E,card,open,,4743,,即時走勢
2020/9/30,上午 03:12:03,E,card,open,,4743,,股價K線
2020/9/30,上午 03:12:03,A,card,open,,5347,,價值透視估價區間
2020/9/30,上午 03:12:03,A,card,open,,5347,,營收
2020/9/30,上午 03:12:03,A,card,open,,5347,,損益表
2020/9/30,上午 03:12:03,A,card,open,,5347,,股價走勢
2020/9/30,上午 03:12:03,A,card,open,,5347,,股價營收比
2020/9/30,上午 03:12:03,A,card,open,,5347,,基本概況
2020/9/30,上午 03:12:03,A,card,open,,5347,,EPS
2020/9/30,上午 03:12:03,A,card,open,,5347,,法人買賣超
2020/9/30,上午 03:12:03,A,card,open,,5347,,財報透視綜合評等
2020/9/30,上午 03:12:03,A,card,open,,5347,,產業本益比分布
2020/9/30,上午 03:12:03,A,card,open,,5347,,PTT批踢踢
2020/9/30,上午 03:12:03,A,card,open,,5347,,新聞
2020/9/30,上午 03:12:03,A,card,open,,5347,,重大訊息
2020/9/30,上午 03:12:03,A,card,open,,5347,,基本資料
2020/9/30,上午 03:12:03,A,card,open,,5347,,即時走勢
2020/9/30,上午 03:12:03,A,card,open,,5347,,股價K線
2020/9/30,上午 03:12:03,B,card,open,,4735,,PTT批踢踢
2020/9/30,上午 03:12:03,B,card,open,,4735,,基本概況
2020/9/30,上午 03:12:03,B,card,open,,4735,,我的筆記
2020/9/30,上午 03:12:03,B,card,open,,4735,,新聞
2020/9/30,上午 03:12:03,B,card,open,,4735,,基本資料
2020/9/30,上午 03:12:03,B,card,open,,4735,,即時走勢
2020/9/30,上午 03:12:03,B,card,open,,4735,,股價走勢
2020/9/30,上午 03:12:03,B,card,open,,4735,,股價K線
2020/9/30,上午 03:12:03,A,query,watchlistBar,,,5347,
2020/9/30,上午 03:12:03,B,query,watchlistBar,,,4735,
2020/9/30,上午 03:12:03,A,card,open,,2417,,股價走勢
2020/9/30,上午 03:12:03,A,card,open,,2417,,我的筆記
2020/9/30,上午 03:12:03,A,card,open,,2417,,PTT批踢踢
2020/9/30,上午 03:12:03,A,card,open,,2417,,基本概況
2020/9/30,上午 03:12:03,A,card,open,,2417,,新聞
2020/9/30,上午 03:12:03,A,card,open,,2417,,基本資料
2020/9/30,上午 03:12:03,A,card,open,,2417,,即時走勢
2020/9/30,上午 03:12:03,A,card,open,,2417,,股價K線
2020/9/30,上午 03:12:03,A,card,open,,4103,,董監持股
2020/9/30,上午 03:12:02,A,query,watchlistBar,,,2417,
2020/9/30,上午 03:12:02,D,card,open,,1215,,股價走勢
2020/9/30,上午 03:12:02,D,card,open,,1215,,PTT批踢踢
2020/9/30,上午 03:12:02,D,card,open,,1215,,新聞
2020/9/30,上午 03:12:02,D,card,open,,1215,,基本概況
2020/9/30,上午 03:12:02,D,card,open,,1215,,我的筆記
2020/9/30,上午 03:12:02,D,card,open,,1215,,基本資料
2020/9/30,上午 03:12:02,D,card,open,,1215,,即時走勢
2020/9/30,上午 03:12:02,D,card,open,,1215,,股價K線
2020/9/30,上午 03:12:02,D,card,open,,00851,,我的筆記
2020/9/30,上午 03:12:02,D,card,open,,00851,,股價K線
2020/9/30,上午 03:12:02,D,card,open,,00851,,ETF持股明細
2020/9/30,上午 03:12:02,D,card,open,,00851,,即時走勢
2020/9/30,上午 03:12:02,D,card,open,,00851,,樂活五線譜
2020/9/30,上午 03:12:02,D,card,open,,00851,,股價走勢
2020/9/30,上午 03:12:02,D,card,open,,00851,,基本資料
2020/9/30,上午 03:12:02,D,query,watchlistBar,,,1215,
2020/9/30,上午 03:12:02,A,card,open,,2330,,我的筆記
2020/9/30,上午 03:12:02,A,card,open,,2330,,PTT批踢踢
2020/9/30,上午 03:12:02,A,card,open,,2330,,基本概況
2020/9/30,上午 03:12:02,A,card,open,,2330,,新聞
2020/9/30,上午 03:12:02,A,card,open,,2330,,基本資料
2020/9/30,上午 03:12:02,A,card,open,,2330,,即時走勢
2020/9/30,上午 03:12:02,A,card,open,,2330,,股價走勢
2020/9/30,上午 03:12:02,A,card,open,,2330,,股價K線
2020/9/30,上午 03:12:02,E,card,open,,4128,,董監持股
2020/9/30,上午 03:12:02,C,card,open,,6125,,融資融券
2020/9/30,上午 03:12:02,C,card,open,,6125,,PTT批踢踢
2020/9/30,上午 03:12:02,C,card,open,,6125,,股利政策
2020/9/30,上午 03:12:02,C,card,open,,6125,,我的筆記
2020/9/30,上午 03:12:02,C,card,open,,6125,,EPS
2020/9/30,上午 03:12:02,C,card,open,,6125,,法人買賣超
2020/9/30,上午 03:12:02,C,card,open,,6125,,基本概況
2020/9/30,上午 03:12:02,C,card,open,,6125,,新聞
2020/9/30,上午 03:12:02,C,card,open,,6125,,基本資料
2020/9/30,上午 03:12:02,C,card,open,,6125,,股價K線
2020/9/30,上午 03:12:02,D,query,watchlistBar,,,00851,
2020/9/30,上午 03:12:02,A,query,watchlistBar,,,2330,
2020/9/30,上午 03:12:01,C,query,watchlistBar,,,6125,
2020/9/30,上午 03:12:01,D,card,open,,2303,,融資融券
2020/9/30,上午 03:12:01,D,card,open,,2303,,法人買賣超
2020/9/30,上午 03:12:01,D,card,open,,2303,,當日主力券商
2020/9/30,上午 03:12:01,D,card,open,,2303,,PTT批踢踢
2020/9/30,上午 03:12:01,D,card,open,,2303,,基本概況
2020/9/30,上午 03:12:01,D,card,open,,2303,,新聞
2020/9/30,上午 03:12:01,D,card,open,,2303,,基本資料
2020/9/30,上午 03:12:01,D,card,open,,2303,,即時走勢
2020/9/30,上午 03:12:01,D,card,open,,2303,,股價K線
2020/9/30,上午 03:12:01,D,query,watchlistBar,,,2303,
2020/9/30,上午 03:12:00,E,card,drop,,3037,,股價走勢
2020/9/30,上午 03:12:00,A,card,open,,5701,,股價走勢
2020/9/30,上午 03:12:00,A,card,open,,5701,,我的筆記
2020/9/30,上午 03:12:00,A,card,open,,5701,,基本概況
2020/9/30,上午 03:12:00,A,card,open,,5701,,PTT批踢踢
2020/9/30,上午 03:12:00,A,card,open,,5701,,新聞
2020/9/30,上午 03:12:00,A,card,open,,5701,,基本資料
2020/9/30,上午 03:12:00,A,card,open,,5701,,即時走勢
2020/9/30,上午 03:12:00,A,card,open,,5701,,股價K線
2020/9/30,上午 03:12:00,A,query,stock-card,,,5701,
2020/9/30,上午 03:11:59,B,card,open,,5347,,我的筆記
2020/9/30,上午 03:11:59,B,card,open,,5347,,股價走勢
2020/9/30,上午 03:11:59,B,card,open,,5347,,基本資料
2020/9/30,上午 03:11:59,B,card,open,,5347,,新聞
2020/9/30,上午 03:11:59,B,card,open,,5347,,PTT批踢踢
2020/9/30,上午 03:11:59,B,card,open,,5347,,基本概況
2020/9/30,上午 03:11:59,B,card,open,,5347,,即時走勢
2020/9/30,上午 03:11:59,B,card,open,,5347,,股價K線
2020/9/30,上午 03:11:59,C,query,localRecommend,,6147,,
2020/9/30,上午 03:11:59,B,query,watchlistBar,,,5347,
2020/9/30,上午 03:11:58,D,card,open,,6515,,股價K線
2020/9/30,上午 03:11:58,D,card,open,,6515,,重大訊息
2020/9/30,上午 03:11:58,E,query,watchlistBar,,,2368,
2020/9/30,上午 03:11:58,C,card,open,,2417,,EPS
2020/9/30,上午 03:11:58,C,card,open,,2417,,股利政策
2020/9/30,上午 03:11:58,C,card,open,,2417,,PTT批踢踢
2020/9/30,上午 03:11:58,C,card,open,,2417,,融資融券
2020/9/30,上午 03:11:58,C,card,open,,2417,,我的筆記
2020/9/30,上午 03:11:58,C,card,open,,2417,,法人買賣超
2020/9/30,上午 03:11:58,C,card,open,,2417,,基本資料
2020/9/30,上午 03:11:58,C,card,open,,2417,,基本概況
2020/9/30,上午 03:11:58,C,card,open,,2417,,新聞
2020/9/30,上午 03:11:58,C,card,open,,2417,,股價K線
2020/9/30,上午 03:11:58,C,query,watchlistBar,,,2417,
2020/9/30,上午 03:11:58,B,query,watchlistBar,,,2303,
2020/9/30,上午 03:11:58,A,card,open,,6244,,ROE及ROA
2020/9/30,上午 03:11:58,A,card,open,,6244,,現金流量表
2020/9/30,上午 03:11:58,A,card,open,,6244,,PTT批踢踢
2020/9/30,上午 03:11:58,A,card,open,,6244,,成長能力
2020/9/30,上午 03:11:58,A,card,open,,6244,,基本概況
2020/9/30,上午 03:11:58,A,card,open,,6244,,新聞
2020/9/30,上午 03:11:58,A,card,open,,6244,,基本資料
2020/9/30,上午 03:11:58,A,card,open,,6244,,即時走勢
2020/9/30,上午 03:11:57,A,card,open,,6244,,股價K線
2020/9/30,上午 03:11:57,B,card,open,,6244,,重大訊息
2020/9/30,上午 03:11:57,B,card,open,,6244,,現金流量表
2020/9/30,上午 03:11:57,B,card,open,,6244,,資產負債表
2020/9/30,上午 03:11:57,B,card,open,,6244,,損益表
2020/9/30,上午 03:11:57,B,card,open,,6244,,董監持股
2020/9/30,上午 03:11:57,B,card,open,,6244,,成長能力
2020/9/30,上午 03:11:57,B,card,open,,6244,,償債能力
2020/9/30,上午 03:11:57,B,card,open,,6244,,本益比河流圖
2020/9/30,上午 03:11:57,B,card,open,,6244,,ROE及ROA
2020/9/30,上午 03:11:57,B,card,open,,6244,,股利政策
2020/9/30,上午 03:11:57,B,card,open,,6244,,利潤比率
2020/9/30,上午 03:11:57,B,card,open,,6244,,經營能力
2020/9/30,上午 03:11:57,B,card,open,,6244,,EPS
2020/9/30,上午 03:11:57,B,card,open,,6244,,基本概況
2020/9/30,上午 03:11:57,B,card,open,,6244,,法人買賣超
2020/9/30,上午 03:11:57,B,card,open,,6244,,股價走勢
2020/9/30,上午 03:11:57,B,card,open,,6244,,股價K線
2020/9/30,上午 03:11:57,B,card,open,,6244,,即時走勢
2020/9/30,上午 03:11:57,B,card,open,,6244,,基本資料
2020/9/30,上午 03:11:57,A,query,stock-card,,,6244,
2020/9/30,上午 03:11:57,B,query,watchlistBar,,,2303,
2020/9/30,上午 03:11:57,B,query,stock-card,,,6244,
2020/9/30,上午 03:11:57,D,card,open,,1101,,股價走勢
2020/9/30,上午 03:11:57,D,card,open,,1101,,新聞
2020/9/30,上午 03:11:57,D,card,open,,1101,,我的筆記
2020/9/30,上午 03:11:57,D,card,open,,1101,,PTT批踢踢
2020/9/30,上午 03:11:57,D,card,open,,1101,,基本概況
2020/9/30,上午 03:11:57,D,card,open,,1101,,基本資料
2020/9/30,上午 03:11:57,D,card,open,,1101,,即時走勢
2020/9/30,上午 03:11:57,D,card,open,,1101,,股價K線
2020/9/30,上午 03:11:57,A,card,open,,2886,,我的筆記
2020/9/30,上午 03:11:57,A,card,open,,2886,,PTT批踢踢
2020/9/30,上午 03:11:57,A,card,open,,2886,,新聞
2020/9/30,上午 03:11:57,A,card,open,,2886,,基本概況
2020/9/30,上午 03:11:57,A,card,open,,2886,,基本資料
2020/9/30,上午 03:11:57,A,card,open,,2886,,即時走勢
2020/9/30,上午 03:11:57,A,card,open,,2886,,股價走勢
2020/9/30,上午 03:11:57,A,card,open,,2886,,股價K線
2020/9/30,上午 03:11:56,A,query,watchlistBar,,,2886,
2020/9/30,上午 03:11:56,A,card,open,,4743,,股價走勢
2020/9/30,上午 03:11:56,A,card,open,,4743,,我的筆記
2020/9/30,上午 03:11:56,A,card,open,,4743,,PTT批踢踢
2020/9/30,上午 03:11:56,A,card,open,,4743,,基本概況
2020/9/30,上午 03:11:56,A,card,open,,4743,,基本資料
2020/9/30,上午 03:11:56,A,card,open,,4743,,新聞
2020/9/30,上午 03:11:56,A,card,open,,4743,,即時走勢
2020/9/30,上午 03:11:56,A,card,open,,4743,,股價K線
2020/9/30,上午 03:11:56,C,card,open,,6125,,股利政策
2020/9/30,上午 03:11:56,C,card,open,,6125,,PTT批踢踢
2020/9/30,上午 03:11:56,C,card,open,,6125,,融資融券
2020/9/30,上午 03:11:56,C,card,open,,6125,,EPS
2020/9/30,上午 03:11:56,C,card,open,,6125,,我的筆記
2020/9/30,上午 03:11:56,C,card,open,,6125,,法人買賣超
2020/9/30,上午 03:11:56,B,card,open,,5274,,損益表
2020/9/30,上午 03:11:56,C,card,open,,6125,,基本概況
2020/9/30,上午 03:11:56,B,card,open,,5274,,董監持股
2020/9/30,上午 03:11:56,B,card,open,,5274,,集保分布
2020/9/30,上午 03:11:56,B,card,open,,5274,,申報轉讓
2020/9/30,上午 03:11:56,C,card,open,,6125,,新聞
2020/9/30,上午 03:11:56,B,card,open,,5274,,重大訊息
2020/9/30,上午 03:11:56,C,card,open,,6125,,基本資料
2020/9/30,上午 03:11:56,B,card,open,,5274,,本益比河流圖
2020/9/30,上午 03:11:56,B,card,open,,5274,,法人買賣超
2020/9/30,上午 03:11:56,C,card,open,,6125,,股價K線
2020/9/30,上午 03:11:56,B,card,open,,5274,,成長能力
2020/9/30,上午 03:11:56,B,card,open,,5274,,EPS
2020/9/30,上午 03:11:56,B,card,open,,5274,,利潤比率
2020/9/30,上午 03:11:56,B,card,open,,5274,,營收
2020/9/30,上午 03:11:56,B,card,open,,5274,,PTT批踢踢
2020/9/30,上午 03:11:56,B,card,open,,5274,,新聞
2020/9/30,上午 03:11:56,B,card,open,,5274,,基本概況
2020/9/30,上午 03:11:56,B,card,open,,5274,,基本資料
2020/9/30,上午 03:11:56,B,card,open,,5274,,即時走勢
2020/9/30,上午 03:11:56,B,card,open,,5274,,股價K線
2020/9/30,上午 03:11:56,C,query,watchlistBar,,,6125,
2020/9/30,上午 03:11:56,C,card,open,,6116,,股利政策
2020/9/30,上午 03:11:56,C,card,open,,6116,,我的筆記
2020/9/30,上午 03:11:56,C,card,open,,6116,,EPS
2020/9/30,上午 03:11:56,C,card,open,,6116,,新聞
2020/9/30,上午 03:11:56,C,card,open,,6116,,基本概況
2020/9/30,上午 03:11:56,C,card,open,,6116,,融資融券
2020/9/30,上午 03:11:56,C,card,open,,6116,,基本資料
2020/9/30,上午 03:11:56,C,card,open,,6116,,法人買賣超
2020/9/30,上午 03:11:56,C,card,open,,6116,,PTT批踢踢
2020/9/30,上午 03:11:56,C,card,open,,6116,,股價K線
2020/9/30,上午 03:11:55,C,query,watchlistBar,,,6116,
2020/9/30,上午 03:11:55,B,query,watchlistBar,,,5274,
2020/9/30,上午 03:11:55,A,query,watchlistBar,,,4743,
2020/9/30,上午 03:11:55,D,card,open,,3051,,我的筆記
2020/9/30,上午 03:11:55,D,card,open,,3051,,新聞
2020/9/30,上午 03:11:55,D,card,open,,3051,,股價走勢
2020/9/30,上午 03:11:55,D,card,open,,3051,,PTT批踢踢
2020/9/30,上午 03:11:55,D,card,open,,3051,,基本資料
2020/9/30,上午 03:11:55,D,card,open,,3051,,基本概況
2020/9/30,上午 03:11:55,D,card,open,,3051,,即時走勢
2020/9/30,上午 03:11:55,D,card,open,,3051,,股價K線
2020/9/30,上午 03:11:55,C,card,open,,6251,,股利政策
2020/9/30,上午 03:11:55,C,card,open,,6251,,EPS
2020/9/30,上午 03:11:55,C,card,open,,6251,,PTT批踢踢
2020/9/30,上午 03:11:55,C,card,open,,6251,,融資融券
2020/9/30,上午 03:11:55,C,card,open,,6251,,我的筆記
2020/9/30,上午 03:11:55,C,card,open,,6251,,法人買賣超
2020/9/30,上午 03:11:55,C,card,open,,6251,,基本概況
2020/9/30,上午 03:11:55,C,card,open,,6251,,新聞
2020/9/30,上午 03:11:55,C,card,open,,6251,,股價K線
2020/9/30,上午 03:11:55,C,card,open,,6251,,基本資料
2020/9/30,上午 03:11:55,C,query,watchlistBar,,,6251,
2020/9/30,上午 03:11:54,C,card,open,,3163,,股利政策
2020/9/30,上午 03:11:54,C,card,open,,3163,,PTT批踢踢
2020/9/30,上午 03:11:54,C,card,open,,3163,,EPS
2020/9/30,上午 03:11:54,C,card,open,,3163,,融資融券
2020/9/30,上午 03:11:54,C,card,open,,3163,,法人買賣超
2020/9/30,上午 03:11:54,C,card,open,,3163,,我的筆記
2020/9/30,上午 03:11:54,C,card,open,,3163,,新聞
2020/9/30,上午 03:11:54,C,card,open,,3163,,基本資料
2020/9/30,上午 03:11:54,C,card,open,,3163,,基本概況
2020/9/30,上午 03:11:54,C,card,open,,3163,,股價K線
2020/9/30,上午 03:11:54,D,query,watchlistBar,,,3051,
2020/9/30,上午 03:11:54,D,card,open,,2303,,基本概況
2020/9/30,上午 03:11:54,D,card,open,,2303,,PTT批踢踢
2020/9/30,上午 03:11:54,D,card,open,,2303,,新聞
2020/9/30,上午 03:11:54,D,card,open,,2303,,基本資料
2020/9/30,上午 03:11:54,D,card,open,,2303,,即時走勢
2020/9/30,上午 03:11:54,D,card,open,,2303,,股價K線
2020/9/30,上午 03:11:54,D,query,watchlistBar,,,2303,
2020/9/30,上午 03:11:54,C,query,watchlistBar,,,3163,
2020/9/30,上午 03:11:54,D,card,open,,8462,,我的筆記
2020/9/30,上午 03:11:54,D,card,open,,8462,,新聞
2020/9/30,上午 03:11:54,D,card,open,,8462,,股價K線
2020/9/30,上午 03:11:54,D,card,open,,8462,,即時走勢
2020/9/30,上午 03:11:54,D,card,open,,8462,,當日主力券商
2020/9/30,上午 03:11:54,D,card,open,,8462,,EPS
2020/9/30,上午 03:11:54,D,card,open,,8462,,營收
2020/9/30,上午 03:11:54,D,card,open,,8462,,本益比河流圖
2020/9/30,上午 03:11:54,D,card,open,,8462,,法人買賣超
2020/9/30,上午 03:11:54,D,card,open,,8462,,PTT批踢踢
2020/9/30,上午 03:11:54,D,card,open,,8462,,基本概況
2020/9/30,上午 03:11:54,D,card,open,,8462,,基本資料
2020/9/30,上午 03:11:54,D,card,open,,8462,,股價走勢
2020/9/30,上午 03:11:54,C,card,open,,2409,,股利政策
2020/9/30,上午 03:11:54,C,card,open,,2409,,PTT批踢踢
2020/9/30,上午 03:11:54,C,card,open,,2409,,融資融券
2020/9/30,上午 03:11:54,C,card,open,,2409,,新聞
2020/9/30,上午 03:11:54,C,card,open,,2409,,EPS
2020/9/30,上午 03:11:54,C,card,open,,2409,,法人買賣超
2020/9/30,上午 03:11:54,C,card,open,,2409,,基本資料
2020/9/30,上午 03:11:54,C,card,open,,2409,,基本概況
2020/9/30,上午 03:11:54,C,card,open,,2409,,我的筆記
2020/9/30,上午 03:11:54,C,card,open,,2409,,股價K線
2020/9/30,上午 03:11:54,C,query,watchlistBar,,,2409,
2020/9/30,上午 03:11:53,D,query,watchlistBar,,,8462,
2020/9/30,上午 03:11:53,C,card,open,,2317,,我的筆記
2020/9/30,上午 03:11:53,C,card,open,,2317,,PTT批踢踢
2020/9/30,上午 03:11:53,C,card,open,,2317,,基本資料
2020/9/30,上午 03:11:53,C,card,open,,2317,,股價走勢
2020/9/30,上午 03:11:53,C,card,open,,2317,,基本概況
2020/9/30,上午 03:11:53,C,card,open,,2317,,新聞
2020/9/30,上午 03:11:53,C,card,open,,2317,,股價K線
2020/9/30,上午 03:11:53,C,card,open,,2317,,即時走勢
2020/9/30,上午 03:11:53,C,query,watchlistBar,,,2317,
2020/9/30,上午 03:11:53,A,card,open,,4976,,我的筆記
2020/9/30,上午 03:11:53,A,card,open,,4976,,PTT批踢踢
2020/9/30,上午 03:11:53,A,card,open,,4976,,基本概況
2020/9/30,上午 03:11:53,A,card,open,,4976,,新聞
2020/9/30,上午 03:11:53,A,card,open,,4976,,基本資料
2020/9/30,上午 03:11:53,A,card,open,,4976,,即時走勢
2020/9/30,上午 03:11:53,A,card,open,,4976,,股價走勢
2020/9/30,上午 03:11:53,A,card,open,,4976,,股價K線
2020/9/30,上午 03:11:53,D,watchlist,removeSymbol,,3481,,
2020/9/30,上午 03:11:52,A,query,watchlistBar,,,4976,
2020/9/30,上午 03:11:52,D,watchlist,addSymbol,,3481,,
2020/9/30,上午 03:11:50,E,query,localRecommendMenu,,8341,,股利政策
2020/9/30,上午 03:11:50,A,card,open,,3682,,我的筆記
2020/9/30,上午 03:11:50,A,card,open,,3682,,基本概況
2020/9/30,上午 03:11:50,A,card,open,,3682,,PTT批踢踢
2020/9/30,上午 03:11:50,A,card,open,,3682,,新聞
2020/9/30,上午 03:11:50,A,card,open,,3682,,基本資料
2020/9/30,上午 03:11:50,A,card,open,,3682,,即時走勢
2020/9/30,上午 03:11:50,A,card,open,,3682,,股價K線
2020/9/30,上午 03:11:50,A,card,open,,3682,,股價走勢
2020/9/30,上午 03:11:50,A,query,watchlistBar,,,3682,
2020/9/30,上午 03:11:50,B,card,showChartTable,,6176,,集保分布
2020/9/30,上午 03:11:50,D,query,watchlistBar,,,3231,
2020/9/30,上午 03:11:49,B,card,open,,1468,,基本概況
2020/9/30,上午 03:11:49,B,card,open,,1468,,我的筆記
2020/9/30,上午 03:11:49,B,card,open,,1468,,基本資料
2020/9/30,上午 03:11:49,B,card,open,,1468,,新聞
2020/9/30,上午 03:11:49,B,card,open,,1468,,即時走勢
2020/9/30,上午 03:11:49,B,card,open,,1468,,股價走勢
2020/9/30,上午 03:11:49,B,card,open,,1468,,股價K線
2020/9/30,上午 03:11:49,B,query,watchlistBar,,,1468,
2020/9/30,上午 03:11:48,C,card,open,,TWSE_SEM_INDEX_1,,股價K線
2020/9/30,上午 03:11:48,C,card,open,,TWSE_SEM_INDEX_1,,我的筆記
2020/9/30,上午 03:11:48,C,card,open,,TWSE_SEM_INDEX_1,,即時走勢
2020/9/30,上午 03:11:48,C,card,open,,TWSE_SEM_INDEX_1,,樂活五線譜
2020/9/30,上午 03:11:48,C,card,open,,TWSE_SEM_INDEX_1,,股價走勢
2020/9/30,上午 03:11:48,C,query,market-box,,,TWSE_SEM_INDEX_1,
2020/9/30,上午 03:11:47,D,card,open,,3231,,PTT批踢踢
2020/9/30,上午 03:11:47,D,card,open,,3231,,基本概況
2020/9/30,上午 03:11:47,D,card,open,,3231,,基本資料
2020/9/30,上午 03:11:47,D,card,open,,3231,,即時走勢
2020/9/30,上午 03:11:47,D,card,open,,3231,,新聞
2020/9/30,上午 03:11:47,D,card,open,,3231,,股價K線
2020/9/30,上午 03:11:47,D,query,watchlistBar,,,3231,
2020/9/30,上午 03:11:47,A,card,open,,3056,,即時走勢
2020/9/30,上午 03:11:47,A,card,open,,3056,,基本概況
2020/9/30,上午 03:11:47,A,card,open,,3056,,PTT批踢踢
2020/9/30,上午 03:11:47,A,card,open,,3056,,新聞
2020/9/30,上午 03:11:47,A,card,open,,3056,,基本資料
2020/9/30,上午 03:11:47,A,card,open,,3056,,股價K線
2020/9/30,上午 03:11:47,A,card,open,,3056,,我的筆記
2020/9/30,上午 03:11:47,A,card,open,,3056,,股價走勢
2020/9/30,上午 03:11:47,D,card,open,,2303,,PTT批踢踢
2020/9/30,上午 03:11:47,D,card,open,,2303,,我的筆記
2020/9/30,上午 03:11:47,D,card,open,,2303,,基本概況
2020/9/30,上午 03:11:47,D,card,open,,2303,,基本資料
2020/9/30,上午 03:11:47,D,card,open,,2303,,新聞
2020/9/30,上午 03:11:47,D,card,open,,2303,,即時走勢
2020/9/30,上午 03:11:47,D,card,open,,2303,,股價K線
2020/9/30,上午 03:11:47,A,query,watchlistBar,,,3056,
2020/9/30,上午 03:11:47,D,query,watchlistBar,,,2303,
2020/9/30,上午 03:11:46,B,card,resize,,6176,,集保分布
2020/9/30,上午 03:11:46,D,card,open,,1515,,本益比河流圖
2020/9/30,上午 03:11:46,D,card,open,,1515,,當日主力券商
2020/9/30,上午 03:11:46,D,card,open,,1515,,法人買賣超
2020/9/30,上午 03:11:46,D,card,open,,1515,,EPS
2020/9/30,上午 03:11:46,D,card,open,,1515,,營收
2020/9/30,上午 03:11:46,D,card,open,,1515,,基本概況
2020/9/30,上午 03:11:46,D,card,open,,1515,,新聞
2020/9/30,上午 03:11:46,D,card,open,,1515,,我的筆記
2020/9/30,上午 03:11:46,D,card,open,,1515,,PTT批踢踢
2020/9/30,上午 03:11:46,D,card,open,,1515,,基本資料
2020/9/30,上午 03:11:46,D,card,open,,1515,,股價走勢
2020/9/30,上午 03:11:46,D,card,open,,1515,,股價K線
2020/9/30,上午 03:11:46,D,card,open,,1515,,即時走勢
2020/9/30,上午 03:11:46,E,card,open,,6196,,即時走勢
2020/9/30,上午 03:11:46,D,query,watchlistBar,,,1515,
2020/9/30,上午 03:11:46,E,card,open,,6196,,PTT批踢踢
2020/9/30,上午 03:11:46,E,card,open,,6196,,基本概況
2020/9/30,上午 03:11:46,E,card,open,,6196,,我的筆記
2020/9/30,上午 03:11:46,E,card,open,,6196,,新聞
2020/9/30,上午 03:11:46,E,card,open,,6196,,重大訊息
2020/9/30,上午 03:11:46,E,card,open,,6196,,基本資料
2020/9/30,上午 03:11:46,E,card,open,,6196,,短長期營收年增率
2020/9/30,上午 03:11:46,E,card,open,,6196,,股利政策
2020/9/30,上午 03:11:46,E,card,open,,6196,,本益比河流圖
2020/9/30,上午 03:11:46,E,card,open,,6196,,ROE及ROA
2020/9/30,上午 03:11:46,E,card,open,,6196,,EPS
2020/9/30,上午 03:11:46,E,card,open,,6196,,營收
2020/9/30,上午 03:11:46,E,card,open,,6196,,股價K線
2020/9/30,上午 03:11:46,A,card,resize,,3272,,近期主力券商
2020/9/30,上午 03:11:46,D,card,open,,1444,,基本概況
2020/9/30,上午 03:11:46,D,card,open,,1444,,PTT批踢踢
2020/9/30,上午 03:11:46,D,card,open,,1444,,新聞
2020/9/30,上午 03:11:46,D,card,open,,1444,,基本資料
2020/9/30,上午 03:11:46,D,card,open,,1444,,即時走勢
2020/9/30,上午 03:11:46,D,card,open,,1444,,股價K線
2020/9/30,上午 03:11:45,E,query,textSearch,,,6196,
2020/9/30,上午 03:11:45,D,query,watchlistBar,,,1444,
2020/9/30,上午 03:11:45,B,card,open,,4915,,股價走勢
2020/9/30,上午 03:11:45,B,card,open,,4915,,我的筆記
2020/9/30,上午 03:11:45,B,card,open,,4915,,PTT批踢踢
2020/9/30,上午 03:11:45,B,card,open,,4915,,基本資料
2020/9/30,上午 03:11:45,B,card,open,,4915,,新聞
2020/9/30,上午 03:11:45,B,card,open,,4915,,基本概況
2020/9/30,上午 03:11:45,B,card,open,,4915,,即時走勢
2020/9/30,上午 03:11:45,B,card,open,,4915,,股價K線
2020/9/30,上午 03:11:45,B,query,watchlistBar,,,4915,
2020/9/30,上午 03:11:45,A,query,watchlistBar,,,2368,
2020/9/30,上午 03:11:45,D,query,watchlistBar,,,1515,
2020/9/30,上午 03:11:45,E,card,open,,3037,,股價走勢
2020/9/30,上午 03:11:45,E,card,open,,3037,,我的筆記
2020/9/30,上午 03:11:45,E,card,open,,3037,,PTT批踢踢
2020/9/30,上午 03:11:45,E,card,open,,3037,,基本概況
2020/9/30,上午 03:11:45,E,card,open,,3037,,即時走勢
2020/9/30,上午 03:11:45,E,card,open,,3037,,新聞
2020/9/30,上午 03:11:45,E,card,open,,3037,,基本資料
2020/9/30,上午 03:11:45,E,card,open,,3037,,股價K線
2020/9/30,上午 03:11:44,D,card,open,,4968,,法人買賣超
2020/9/30,上午 03:11:44,D,card,open,,4968,,融資融券
2020/9/30,上午 03:11:44,D,card,open,,4968,,當日主力券商
2020/9/30,上午 03:11:44,D,card,open,,4968,,PTT批踢踢
2020/9/30,上午 03:11:44,D,card,open,,4968,,基本概況
2020/9/30,上午 03:11:44,D,card,open,,4968,,新聞
2020/9/30,上午 03:11:44,D,card,open,,4968,,基本資料
2020/9/30,上午 03:11:44,D,card,open,,4968,,即時走勢
2020/9/30,上午 03:11:44,D,card,open,,4968,,股價K線
2020/9/30,上午 03:11:44,E,query,watchlistBar,,,3037,
2020/9/30,上午 03:11:44,A,card,open,,5701,,PTT批踢踢
2020/9/30,上午 03:11:44,A,card,open,,5701,,基本概況
2020/9/30,上午 03:11:44,A,card,open,,5701,,新聞
2020/9/30,上午 03:11:44,A,card,open,,5701,,我的筆記
2020/9/30,上午 03:11:44,A,card,open,,5701,,即時走勢
2020/9/30,上午 03:11:44,A,card,open,,5701,,股價K線
2020/9/30,上午 03:11:44,A,card,open,,5701,,基本資料
2020/9/30,上午 03:11:44,A,card,open,,5701,,股價走勢
2020/9/30,上午 03:11:44,D,query,watchlistBar,,,4968,
2020/9/30,上午 03:11:44,A,query,stock-card,,,5701,
2020/9/30,上午 03:11:43,B,card,open,,2603,,基本概況
2020/9/30,上午 03:11:43,B,card,open,,2603,,法人買賣超
2020/9/30,上午 03:11:43,B,card,open,,2603,,即時走勢
2020/9/30,上午 03:11:43,B,card,open,,2603,,股價K線
2020/9/30,上午 03:11:43,C,card,open,,3669,,近期主力券商
2020/9/30,上午 03:11:43,C,card,open,,3669,,我的筆記
2020/9/30,上午 03:11:43,C,card,open,,3669,,重大訊息
2020/9/30,上午 03:11:43,C,card,open,,3669,,聚財網社群
2020/9/30,上午 03:11:43,C,card,open,,3669,,成長能力
2020/9/30,上午 03:11:43,C,card,open,,3669,,法人買賣超
2020/9/30,上午 03:11:43,C,card,open,,3669,,融資融券
2020/9/30,上午 03:11:43,C,card,open,,3669,,當日主力券商
2020/9/30,上午 03:11:43,C,card,open,,3669,,新聞
2020/9/30,上午 03:11:43,C,card,open,,3669,,基本概況
2020/9/30,上午 03:11:43,C,card,open,,3669,,基本資料
2020/9/30,上午 03:11:43,C,card,open,,3669,,股價走勢
2020/9/30,上午 03:11:43,C,card,open,,3669,,股利政策
2020/9/30,上午 03:11:43,C,card,open,,3669,,Beta係數
2020/9/30,上午 03:11:43,C,card,open,,3669,,即時走勢
2020/9/30,上午 03:11:43,C,card,open,,3669,,PTT批踢踢
2020/9/30,上午 03:11:43,C,card,open,,3669,,股價K線
2020/9/30,上午 03:11:43,C,card,open,,3669,,樂活五線譜
2020/9/30,上午 03:11:43,D,card,open,,3189,,新聞
2020/9/30,上午 03:11:43,D,card,open,,3189,,基本概況
2020/9/30,上午 03:11:43,D,card,open,,3189,,我的筆記
2020/9/30,上午 03:11:43,D,card,open,,3189,,即時走勢
2020/9/30,上午 03:11:43,D,card,open,,3189,,PTT批踢踢
2020/9/30,上午 03:11:43,D,card,open,,3189,,基本資料
2020/9/30,上午 03:11:43,D,card,open,,3189,,股價走勢
2020/9/30,上午 03:11:43,D,card,open,,3189,,股價K線
2020/9/30,上午 03:11:43,C,card,open,,8261,,近期主力券商
2020/9/30,上午 03:11:43,C,card,open,,8261,,PTT批踢踢
2020/9/30,上午 03:11:43,C,card,open,,8261,,基本概況
2020/9/30,上午 03:11:43,C,card,open,,8261,,新聞
2020/9/30,上午 03:11:43,C,card,open,,8261,,基本資料
2020/9/30,上午 03:11:43,C,card,open,,8261,,即時走勢
2020/9/30,上午 03:11:43,C,card,open,,8261,,股價K線
2020/9/30,上午 03:11:42,C,query,watchlistBar,,,6147,
2020/9/30,上午 03:11:42,A,card,open,,5347,,產業本益比分布
2020/9/30,上午 03:11:42,A,card,open,,5347,,EPS
2020/9/30,上午 03:11:42,A,card,open,,5347,,營收
2020/9/30,上午 03:11:42,A,card,open,,5347,,法人買賣超
2020/9/30,上午 03:11:42,A,card,open,,5347,,損益表
2020/9/30,上午 03:11:42,A,card,open,,5347,,股價走勢
2020/9/30,上午 03:11:42,A,card,open,,5347,,股價營收比
2020/9/30,上午 03:11:42,A,card,open,,5347,,價值透視估價區間
2020/9/30,上午 03:11:42,A,card,open,,5347,,基本資料
2020/9/30,上午 03:11:42,A,card,open,,5347,,基本概況
2020/9/30,上午 03:11:42,A,card,open,,5347,,財報透視綜合評等
2020/9/30,上午 03:11:42,A,card,open,,5347,,股價K線
2020/9/30,上午 03:11:42,A,card,open,,5347,,PTT批踢踢
2020/9/30,上午 03:11:42,A,card,open,,5347,,重大訊息
2020/9/30,上午 03:11:42,A,card,open,,5347,,新聞
2020/9/30,上午 03:11:42,A,card,open,,5347,,即時走勢
2020/9/30,上午 03:11:42,A,query,watchlistBar,,,5347,
2020/9/30,上午 03:11:42,C,query,watchlistBar,,,3669,
2020/9/30,上午 03:11:42,E,card,open,,3632,,基本概況
2020/9/30,上午 03:11:42,E,card,open,,3632,,PTT批踢踢
2020/9/30,上午 03:11:42,E,card,open,,3632,,我的筆記
2020/9/30,上午 03:11:42,E,card,open,,3632,,新聞
2020/9/30,上午 03:11:42,E,card,open,,3632,,基本資料
2020/9/30,上午 03:11:42,E,card,open,,3632,,即時走勢
2020/9/30,上午 03:11:42,E,card,open,,3632,,股價走勢
2020/9/30,上午 03:11:42,E,card,open,,3632,,股價K線
2020/9/30,上午 03:11:41,C,query,watchlistBar,,,8261,
2020/9/30,上午 03:11:41,A,card,open,,2002,,股價走勢
2020/9/30,上午 03:11:41,A,card,open,,2002,,我的筆記
2020/9/30,上午 03:11:41,A,card,open,,2002,,PTT批踢踢
2020/9/30,上午 03:11:41,A,card,open,,2002,,基本概況
2020/9/30,上午 03:11:41,A,card,open,,2002,,即時走勢
2020/9/30,上午 03:11:41,A,card,open,,2002,,基本資料
2020/9/30,上午 03:11:41,A,card,open,,2002,,新聞
2020/9/30,上午 03:11:41,A,card,open,,2002,,股價K線
2020/9/30,上午 03:11:41,E,query,watchlistBar,,,3632,
2020/9/30,上午 03:11:40,A,query,watchlistBar,,,2002,
2020/9/30,上午 03:11:40,B,card,open,,6230,,股價K線
2020/9/30,上午 03:11:40,B,card,open,,3324,,股價K線
2020/9/30,上午 03:11:40,B,card,open,,6230,,PTT批踢踢
2020/9/30,上午 03:11:40,B,card,open,,3324,,PTT批踢踢
2020/9/30,上午 03:11:40,C,card,open,,1416,,本益比河流圖
2020/9/30,上午 03:11:40,C,card,open,,1416,,經營能力
2020/9/30,上午 03:11:40,C,card,open,,1416,,即時走勢
2020/9/30,上午 03:11:40,C,card,open,,1416,,重大訊息
2020/9/30,上午 03:11:40,C,card,open,,1416,,新聞
2020/9/30,上午 03:11:40,C,card,open,,1416,,融資融券
2020/9/30,上午 03:11:40,C,card,open,,1416,,營收
2020/9/30,上午 03:11:40,C,card,open,,1416,,申報轉讓
2020/9/30,上午 03:11:40,C,card,open,,1416,,股利政策
2020/9/30,上午 03:11:40,C,card,open,,1416,,現金流量表
2020/9/30,上午 03:11:40,C,card,open,,1416,,集保分布
2020/9/30,上午 03:11:40,C,card,open,,1416,,利潤比率
2020/9/30,上午 03:11:40,C,card,open,,1416,,法人買賣超
2020/9/30,上午 03:11:40,C,card,open,,1416,,EPS
2020/9/30,上午 03:11:40,C,card,open,,1416,,董監持股
2020/9/30,上午 03:11:40,C,card,open,,1416,,基本概況
2020/9/30,上午 03:11:40,C,card,open,,1416,,股價K線
2020/9/30,上午 03:11:40,C,card,open,,1416,,基本資料
2020/9/30,上午 03:11:39,C,query,watchlistBar,,,2413,
2020/9/30,上午 03:11:39,C,card,open,,1304,,近期主力券商
2020/9/30,上午 03:11:39,C,card,open,,1304,,新聞
2020/9/30,上午 03:11:39,C,card,open,,1304,,PTT批踢踢
2020/9/30,上午 03:11:39,C,card,open,,1304,,基本概況
2020/9/30,上午 03:11:39,C,card,open,,1304,,基本資料
2020/9/30,上午 03:11:39,C,card,open,,1304,,即時走勢
2020/9/30,上午 03:11:39,C,card,open,,1304,,股價K線
2020/9/30,上午 03:11:39,C,query,watchlistBar,,,1304,
2020/9/30,上午 03:11:39,D,card,open,,2330,,法人買賣超
2020/9/30,上午 03:11:39,D,card,open,,2330,,PTT批踢踢
2020/9/30,上午 03:11:39,D,card,open,,2330,,基本概況
2020/9/30,上午 03:11:39,D,card,open,,2330,,新聞
2020/9/30,上午 03:11:39,D,card,open,,2330,,基本資料
2020/9/30,上午 03:11:38,D,card,open,,2330,,即時走勢
2020/9/30,上午 03:11:38,D,card,open,,2330,,股價K線
2020/9/30,上午 03:11:38,B,watchlist,addSymbol,,6244,,
2020/9/30,上午 03:11:38,B,card,open,,3042,,股價走勢
2020/9/30,上午 03:11:38,B,card,open,,3042,,我的筆記
2020/9/30,上午 03:11:38,B,card,open,,3042,,PTT批踢踢
2020/9/30,上午 03:11:38,B,card,open,,3042,,基本概況
2020/9/30,上午 03:11:38,B,card,open,,3042,,新聞
2020/9/30,上午 03:11:38,B,card,open,,3042,,基本資料
2020/9/30,上午 03:11:38,B,card,open,,3042,,即時走勢
2020/9/30,上午 03:11:38,B,card,open,,3042,,股價K線
2020/9/30,上午 03:11:38,B,query,watchlistBar,,,3042,
2020/9/30,上午 03:11:38,E,card,open,,5701,,PTT批踢踢
2020/9/30,上午 03:11:38,E,card,open,,5701,,基本概況
2020/9/30,上午 03:11:38,E,card,open,,5701,,新聞
2020/9/30,上午 03:11:38,E,card,open,,5701,,即時走勢
2020/9/30,上午 03:11:38,E,card,open,,5701,,股價K線
2020/9/30,上午 03:11:38,E,query,stock-card,,,5701,
2020/9/30,上午 03:11:37,B,query,watchlistBar,,,4915,
2020/9/30,上午 03:11:37,A,card,open,,6237,,EPS
2020/9/30,上午 03:11:37,A,card,open,,6237,,近期主力券商
2020/9/30,上午 03:11:37,A,card,open,,6237,,重大訊息
2020/9/30,上午 03:11:37,A,card,open,,6237,,即時走勢
2020/9/30,上午 03:11:37,A,card,open,,6237,,新聞
2020/9/30,上午 03:11:37,A,card,open,,6237,,基本資料
2020/9/30,上午 03:11:37,A,card,open,,6237,,營收
2020/9/30,上午 03:11:37,A,card,open,,6237,,當日主力券商
2020/9/30,上午 03:11:37,A,card,open,,6237,,基本概況
2020/9/30,上午 03:11:37,A,card,open,,6237,,集保分布
2020/9/30,上午 03:11:37,A,card,open,,6237,,融資融券
2020/9/30,上午 03:11:37,A,card,open,,6237,,法人買賣超
2020/9/30,上午 03:11:37,A,card,open,,6237,,股價K線
2020/9/30,上午 03:11:37,A,query,watchlistBar,,,6237,
2020/9/30,上午 03:11:37,B,card,open,,3691,,我的筆記
2020/9/30,上午 03:11:37,B,card,open,,3691,,PTT批踢踢
2020/9/30,上午 03:11:37,B,card,open,,3691,,基本資料
2020/9/30,上午 03:11:37,B,card,open,,3691,,即時走勢
2020/9/30,上午 03:11:37,B,card,open,,3691,,基本概況
2020/9/30,上午 03:11:37,B,card,open,,3691,,新聞
2020/9/30,上午 03:11:37,B,card,open,,3691,,股價走勢
2020/9/30,上午 03:11:37,B,card,open,,3691,,股價K線
2020/9/30,上午 03:11:37,C,card,open,,3376,,法人買賣超
2020/9/30,上午 03:11:37,C,card,open,,3376,,營收
2020/9/30,上午 03:11:37,C,card,open,,3376,,新聞
2020/9/30,上午 03:11:37,C,card,open,,3376,,即時走勢
2020/9/30,上午 03:11:37,C,card,open,,3376,,股價K線
2020/9/30,上午 03:11:36,C,query,watchlistBar,,,2417,
2020/9/30,上午 03:11:36,A,watchlist,addSymbol,,3682,,
2020/9/30,上午 03:11:36,B,card,open,,2049,,我的筆記
2020/9/30,上午 03:11:36,B,card,open,,2049,,PTT批踢踢
2020/9/30,上午 03:11:36,D,card,open,,4976,,申報轉讓
2020/9/30,上午 03:11:36,D,card,open,,4976,,成長能力
2020/9/30,上午 03:11:36,D,card,open,,4976,,集保分布
2020/9/30,上午 03:11:36,D,card,open,,4976,,重大訊息
2020/9/30,上午 03:11:36,D,card,open,,4976,,當日主力券商
2020/9/30,上午 03:11:36,D,card,open,,4976,,近期主力券商
2020/9/30,上午 03:11:36,D,card,open,,4976,,融資融券
2020/9/30,上午 03:11:36,D,card,open,,4976,,法人買賣超
2020/9/30,上午 03:11:36,D,card,open,,4976,,股利政策
2020/9/30,上午 03:11:36,D,card,open,,4976,,利潤比率
2020/9/30,上午 03:11:36,D,card,open,,4976,,ROE及ROA
2020/9/30,上午 03:11:36,D,card,open,,4976,,營收
2020/9/30,上午 03:11:36,D,card,open,,4976,,EPS
2020/9/30,上午 03:11:36,D,card,open,,4976,,PTT批踢踢
2020/9/30,上午 03:11:36,D,card,open,,4976,,基本概況
2020/9/30,上午 03:11:36,D,card,open,,4976,,新聞
2020/9/30,上午 03:11:36,D,card,open,,4976,,基本資料
2020/9/30,上午 03:11:36,D,card,open,,4976,,即時走勢
2020/9/30,上午 03:11:36,D,card,open,,4976,,股價走勢
2020/9/30,上午 03:11:36,D,card,open,,4976,,股價K線
2020/9/30,上午 03:11:36,B,card,open,,2049,,基本概況
2020/9/30,上午 03:11:36,B,card,open,,2049,,新聞
2020/9/30,上午 03:11:36,B,card,open,,2049,,基本資料
2020/9/30,上午 03:11:36,E,card,open,,3661,,我的筆記
2020/9/30,上午 03:11:36,E,card,open,,3661,,股價走勢
2020/9/30,上午 03:11:36,E,card,open,,3661,,新聞
2020/9/30,上午 03:11:36,E,card,open,,3661,,基本概況
2020/9/30,上午 03:11:36,E,card,open,,3661,,基本資料
2020/9/30,上午 03:11:36,E,card,open,,3661,,PTT批踢踢
2020/9/30,上午 03:11:36,E,card,open,,3661,,股價K線
2020/9/30,上午 03:11:36,E,card,open,,3661,,即時走勢
2020/9/30,上午 03:11:36,B,card,open,,2049,,即時走勢
2020/9/30,上午 03:11:36,B,card,open,,2049,,股價走勢
2020/9/30,上午 03:11:36,B,query,watchlistBar,,,3691,
2020/9/30,上午 03:11:36,B,card,open,,2049,,股價K線
2020/9/30,上午 03:11:36,E,query,watchlistBar,,,3661,
2020/9/30,上午 03:11:35,D,query,watchlistBar,,,4976,
2020/9/30,上午 03:11:35,B,card,open,,6230,,股價K線
2020/9/30,上午 03:11:35,B,card,open,,3324,,股價K線
2020/9/30,上午 03:11:35,B,card,open,,6230,,PTT批踢踢
2020/9/30,上午 03:11:35,B,card,open,,3324,,PTT批踢踢
2020/9/30,上午 03:11:35,A,card,open,,8076,,PTT批踢踢
2020/9/30,上午 03:11:35,A,card,open,,8076,,基本概況
2020/9/30,上午 03:11:35,A,card,open,,8076,,新聞
2020/9/30,上午 03:11:35,A,card,open,,8076,,我的筆記
2020/9/30,上午 03:11:35,A,card,open,,8076,,基本資料
2020/9/30,上午 03:11:35,A,card,open,,8076,,即時走勢
2020/9/30,上午 03:11:35,A,card,open,,8076,,股價走勢
2020/9/30,上午 03:11:35,A,card,open,,8076,,股價K線
2020/9/30,上午 03:11:35,C,query,watchlistBar,,,3376,
2020/9/30,上午 03:11:35,A,query,watchlistBar,,,8076,
2020/9/30,上午 03:11:35,B,query,watchlistBar,,,2049,
2020/9/30,上午 03:11:35,E,card,open,,6477,,基本資料
2020/9/30,上午 03:11:35,E,card,open,,6477,,新聞
2020/9/30,上午 03:11:35,E,card,open,,6477,,短長期營收年增率
2020/9/30,上午 03:11:35,E,card,open,,6477,,我的筆記
2020/9/30,上午 03:11:35,E,card,open,,6477,,ROE及ROA
2020/9/30,上午 03:11:35,E,card,open,,6477,,即時走勢
2020/9/30,上午 03:11:35,E,card,open,,6477,,營收
2020/9/30,上午 03:11:35,E,card,open,,6477,,基本概況
2020/9/30,上午 03:11:35,E,card,open,,6477,,重大訊息
2020/9/30,上午 03:11:35,E,card,open,,6477,,PTT批踢踢
2020/9/30,上午 03:11:35,E,card,open,,6477,,股利政策
2020/9/30,上午 03:11:35,E,card,open,,6477,,EPS
2020/9/30,上午 03:11:35,E,card,open,,6477,,本益比河流圖
2020/9/30,上午 03:11:34,E,card,open,,6477,,股價K線
2020/9/30,上午 03:11:34,B,card,open,,8016,,損益表
2020/9/30,上午 03:11:34,B,card,open,,8016,,集保分布
2020/9/30,上午 03:11:34,B,card,open,,8016,,董監持股
2020/9/30,上午 03:11:34,B,card,open,,8016,,申報轉讓
2020/9/30,上午 03:11:34,B,card,open,,8016,,本益比河流圖
2020/9/30,上午 03:11:34,B,card,open,,8016,,成長能力
2020/9/30,上午 03:11:34,B,card,open,,8016,,重大訊息
2020/9/30,上午 03:11:34,B,card,open,,8016,,法人買賣超
2020/9/30,上午 03:11:34,B,card,open,,8016,,利潤比率
2020/9/30,上午 03:11:34,B,card,open,,8016,,PTT批踢踢
2020/9/30,上午 03:11:34,B,card,open,,8016,,營收
2020/9/30,上午 03:11:34,B,card,open,,8016,,EPS
2020/9/30,上午 03:11:34,B,card,open,,8016,,新聞
2020/9/30,上午 03:11:34,B,card,open,,8016,,即時走勢
2020/9/30,上午 03:11:34,B,card,open,,8016,,股價K線
2020/9/30,上午 03:11:34,B,card,open,,8016,,基本資料
2020/9/30,上午 03:11:34,B,card,open,,8016,,基本概況
2020/9/30,上午 03:11:34,B,card,open,,6176,,融資融券
2020/9/30,上午 03:11:34,B,card,open,,6176,,基本資料
2020/9/30,上午 03:11:34,B,card,open,,6176,,集保分布
2020/9/30,上午 03:11:34,B,card,open,,6176,,法人買賣超
2020/9/30,上午 03:11:34,B,card,open,,6176,,ROE及ROA
2020/9/30,上午 03:11:34,B,card,open,,6176,,EPS
2020/9/30,上午 03:11:34,B,card,open,,6176,,三多風向圖
2020/9/30,上午 03:11:34,B,card,open,,6176,,PTT批踢踢
2020/9/30,上午 03:11:33,B,card,open,,6176,,股價K線
2020/9/30,上午 03:11:33,B,card,open,,6176,,新聞
2020/9/30,上午 03:11:33,B,query,watchlistBar,,,6176,
2020/9/30,上午 03:11:33,E,card,open,,8341,,成長能力
2020/9/30,上午 03:11:33,E,card,open,,8341,,新聞
2020/9/30,上午 03:11:33,E,card,open,,8341,,基本概況
2020/9/30,上午 03:11:33,E,card,open,,8341,,ROE及ROA
2020/9/30,上午 03:11:33,E,card,open,,8341,,PTT批踢踢
2020/9/30,上午 03:11:33,E,card,open,,8341,,基本資料
2020/9/30,上午 03:11:33,E,card,open,,8341,,即時走勢
2020/9/30,上午 03:11:33,E,card,open,,8341,,股價K線
2020/9/30,上午 03:11:33,B,query,watchlistBar,,,6176,
2020/9/30,上午 03:11:32,A,card,open,,3682,,基本資料
2020/9/30,上午 03:11:32,A,card,open,,3682,,股價走勢
2020/9/30,上午 03:11:32,A,card,open,,3682,,股價K線
2020/9/30,上午 03:11:32,A,card,open,,3682,,PTT批踢踢
2020/9/30,上午 03:11:32,A,card,open,,3682,,即時走勢
2020/9/30,上午 03:11:32,A,card,open,,3682,,基本概況
2020/9/30,上午 03:11:32,A,card,open,,3682,,新聞
2020/9/30,上午 03:11:32,A,card,open,,3682,,我的筆記
2020/9/30,上午 03:11:32,A,query,textSearch,,,3682,
2020/9/30,上午 03:11:32,E,query,watchlistBar,,,8341,
2020/9/30,上午 03:11:32,B,card,open,,2885,,我的筆記
2020/9/30,上午 03:11:32,B,card,open,,2885,,PTT批踢踢
2020/9/30,上午 03:11:32,B,card,open,,2885,,新聞
2020/9/30,上午 03:11:32,B,card,open,,2885,,基本概況
2020/9/30,上午 03:11:32,B,card,open,,2885,,股價走勢
2020/9/30,上午 03:11:32,B,card,open,,2885,,基本資料
2020/9/30,上午 03:11:32,B,card,open,,2885,,即時走勢
2020/9/30,上午 03:11:32,B,card,open,,2885,,股價K線
2020/9/30,上午 03:11:32,B,query,watchlistBar,,,2885,
2020/9/30,上午 03:11:32,C,card,open,,2481,,PTT批踢踢
2020/9/30,上午 03:11:32,C,card,open,,2481,,基本概況
2020/9/30,上午 03:11:32,C,card,open,,2481,,我的筆記
2020/9/30,上午 03:11:32,C,card,open,,2481,,新聞
2020/9/30,上午 03:11:32,C,card,open,,2481,,基本資料
2020/9/30,上午 03:11:32,C,card,open,,2481,,即時走勢
2020/9/30,上午 03:11:32,C,card,open,,2481,,股價走勢
2020/9/30,上午 03:11:32,C,card,open,,2481,,股價K線
2020/9/30,上午 03:11:31,C,query,watchlistBar,,,2481,
2020/9/30,上午 03:11:30,C,card,open,,2889,,我的筆記
2020/9/30,上午 03:11:30,C,card,open,,2889,,PTT批踢踢
2020/9/30,上午 03:11:30,C,card,open,,2889,,新聞
2020/9/30,上午 03:11:30,C,card,open,,2889,,基本資料
2020/9/30,上午 03:11:30,C,card,open,,2889,,基本概況
2020/9/30,上午 03:11:30,C,card,open,,2889,,即時走勢
2020/9/30,上午 03:11:30,C,card,open,,2889,,股價走勢
2020/9/30,上午 03:11:30,C,card,open,,2889,,股價K線
2020/9/30,上午 03:11:30,D,card,open,,2211,,基本概況
2020/9/30,上午 03:11:30,D,card,open,,2211,,新聞
2020/9/30,上午 03:11:30,D,card,open,,2211,,我的筆記
2020/9/30,上午 03:11:30,D,card,open,,2211,,基本資料
2020/9/30,上午 03:11:30,D,card,open,,2211,,即時走勢
2020/9/30,上午 03:11:30,D,card,open,,2211,,股價走勢
2020/9/30,上午 03:11:30,D,card,open,,2211,,股價K線
2020/9/30,上午 03:11:29,D,card,open,,1598,,本益比河流圖
2020/9/30,上午 03:11:29,D,card,open,,1598,,當日主力券商
2020/9/30,上午 03:11:29,D,card,open,,1598,,營收
2020/9/30,上午 03:11:29,D,card,open,,1598,,EPS
2020/9/30,上午 03:11:29,D,card,open,,1598,,法人買賣超
2020/9/30,上午 03:11:29,D,card,open,,1598,,基本概況
2020/9/30,上午 03:11:29,D,card,open,,1598,,股價K線
2020/9/30,上午 03:11:29,D,card,open,,1598,,新聞
2020/9/30,上午 03:11:29,D,card,open,,1598,,股價走勢
2020/9/30,上午 03:11:29,D,card,open,,1598,,即時走勢
2020/9/30,上午 03:11:29,D,card,open,,1598,,PTT批踢踢
2020/9/30,上午 03:11:29,D,card,open,,1598,,基本資料
2020/9/30,上午 03:11:29,D,card,open,,1598,,我的筆記
2020/9/30,上午 03:11:29,C,query,textSearch,,,2889,
2020/9/30,上午 03:11:29,D,query,watchlistBar,,,2211,
2020/9/30,上午 03:11:29,D,query,watchlistBar,,,1598,
2020/9/30,上午 03:11:29,D,card,open,,2890,,即時走勢
2020/9/30,上午 03:11:29,D,card,open,,2890,,基本概況
2020/9/30,上午 03:11:29,D,card,open,,2890,,基本資料
2020/9/30,上午 03:11:29,D,card,open,,2890,,股價K線
2020/9/30,上午 03:11:29,D,card,open,,2890,,新聞
2020/9/30,上午 03:11:29,D,card,open,,2890,,我的筆記
2020/9/30,上午 03:11:29,D,card,open,,2890,,PTT批踢踢
2020/9/30,上午 03:11:29,D,card,open,,2890,,股價走勢
2020/9/30,上午 03:11:28,D,query,watchlistBar,,,2890,
2020/9/30,上午 03:11:28,D,card,open,,1904,,營收
2020/9/30,上午 03:11:28,D,card,open,,1904,,集保分布
2020/9/30,上午 03:11:28,D,card,open,,1904,,當日主力券商
2020/9/30,上午 03:11:28,D,card,open,,1904,,股利政策
2020/9/30,上午 03:11:28,D,card,open,,1904,,本益比河流圖
2020/9/30,上午 03:11:28,D,card,open,,1904,,融資融券
2020/9/30,上午 03:11:28,D,card,open,,1904,,重大訊息
2020/9/30,上午 03:11:28,D,card,open,,1904,,本淨比河流圖
2020/9/30,上午 03:11:28,D,card,open,,1904,,我的筆記
2020/9/30,上午 03:11:28,D,card,open,,1904,,EPS
2020/9/30,上午 03:11:28,D,card,open,,1904,,法人買賣超
2020/9/30,上午 03:11:28,D,card,open,,1904,,基本資料
2020/9/30,上午 03:11:28,D,card,open,,1904,,PTT批踢踢
2020/9/30,上午 03:11:28,D,card,open,,1904,,新聞
2020/9/30,上午 03:11:28,D,card,open,,1904,,基本概況
2020/9/30,上午 03:11:28,A,card,open,,TWSE_SEM_INDEX_1,,PTT批踢踢
2020/9/30,上午 03:11:28,A,card,open,,TWSE_SEM_INDEX_1,,樂活五線譜
2020/9/30,上午 03:11:28,A,card,open,,TWSE_SEM_INDEX_1,,大盤新聞情緒
2020/9/30,上午 03:11:28,A,card,open,,TWSE_SEM_INDEX_1,,股價走勢
2020/9/30,上午 03:11:28,A,card,open,,TWSE_SEM_INDEX_1,,我的筆記
2020/9/30,上午 03:11:28,A,card,open,,TWSE_SEM_INDEX_1,,法人買賣超
2020/9/30,上午 03:11:28,A,card,open,,TWSE_SEM_INDEX_1,,即時走勢
2020/9/30,上午 03:11:28,A,card,open,,TWSE_SEM_INDEX_1,,股價K線
2020/9/30,上午 03:11:28,D,card,open,,1904,,即時走勢
2020/9/30,上午 03:11:28,D,card,open,,1904,,股價K線
2020/9/30,上午 03:11:27,E,card,drop,,2330,,股價走勢
2020/9/30,上午 03:11:27,A,card,open,,2891,,近期主力券商
2020/9/30,上午 03:11:27,A,card,open,,2891,,法人買賣超
2020/9/30,上午 03:11:27,A,card,open,,2891,,當日主力券商
2020/9/30,上午 03:11:27,A,card,open,,2891,,PEG計算機
2020/9/30,上午 03:11:27,A,card,open,,2891,,本淨比河流圖
2020/9/30,上午 03:11:27,A,card,open,,2891,,本益比河流圖
2020/9/30,上午 03:11:27,A,card,open,,2891,,股價走勢
2020/9/30,上午 03:11:27,A,card,open,,2891,,我的筆記
2020/9/30,上午 03:11:27,A,card,open,,2891,,PTT批踢踢
2020/9/30,上午 03:11:27,A,card,open,,2891,,基本概況
2020/9/30,上午 03:11:27,A,card,open,,2891,,新聞
2020/9/30,上午 03:11:27,A,card,open,,2891,,基本資料
2020/9/30,上午 03:11:27,A,card,open,,2891,,即時走勢
2020/9/30,上午 03:11:27,A,card,open,,2891,,股價K線
2020/9/30,上午 03:11:27,D,query,watchlistBar,,,1904,
2020/9/30,上午 03:11:27,B,card,open,,2303,,我的筆記
2020/9/30,上午 03:11:27,B,card,open,,2303,,愛因斯坦圖
2020/9/30,上午 03:11:27,B,card,open,,2303,,法人買賣超
2020/9/30,上午 03:11:27,B,card,open,,2303,,PTT批踢踢
2020/9/30,上午 03:11:27,B,card,open,,2303,,樂活五線譜
2020/9/30,上午 03:11:27,B,card,open,,2303,,股價走勢
2020/9/30,上午 03:11:27,B,card,open,,2303,,即時走勢
2020/9/30,上午 03:11:27,B,card,open,,2303,,股價K線
2020/9/30,上午 03:11:27,B,query,watchlistBar,,,2303,
2020/9/30,上午 03:11:27,C,card,open,,1598,,損益表
2020/9/30,上午 03:11:26,C,card,open,,1598,,我的筆記
2020/9/30,上午 03:11:26,C,card,open,,1598,,董監持股
2020/9/30,上午 03:11:26,C,card,open,,1598,,基本資料
2020/9/30,上午 03:11:26,C,card,open,,1598,,法人買賣超
2020/9/30,上午 03:11:26,C,card,open,,1598,,基本概況
2020/9/30,上午 03:11:26,C,card,open,,1598,,利潤比率
2020/9/30,上午 03:11:26,C,card,open,,1598,,重大訊息
2020/9/30,上午 03:11:26,C,card,open,,1598,,新聞
2020/9/30,上午 03:11:26,C,card,open,,1598,,股利政策
2020/9/30,上午 03:11:26,C,card,open,,1598,,EPS
2020/9/30,上午 03:11:26,C,card,open,,1598,,營收
2020/9/30,上午 03:11:26,C,card,open,,1598,,即時走勢
2020/9/30,上午 03:11:26,C,card,open,,1598,,股價K線
2020/9/30,上午 03:11:26,B,card,open,,4907,,我的筆記
2020/9/30,上午 03:11:26,B,card,open,,4907,,PTT批踢踢
2020/9/30,上午 03:11:26,B,card,open,,4907,,基本概況
2020/9/30,上午 03:11:26,B,card,open,,4907,,新聞
2020/9/30,上午 03:11:26,C,query,watchlistBar,,,1598,
2020/9/30,上午 03:11:26,B,card,open,,4907,,基本資料
2020/9/30,上午 03:11:25,B,card,open,,4907,,即時走勢
2020/9/30,上午 03:11:25,B,card,open,,4907,,股價走勢
2020/9/30,上午 03:11:25,B,card,open,,4907,,股價K線
2020/9/30,上午 03:11:25,B,query,watchlistBar,,,4907,
2020/9/30,上午 03:11:24,B,card,open,,6269,,融資融券
2020/9/30,上午 03:11:24,B,card,open,,6269,,基本資料
2020/9/30,上午 03:11:24,B,card,open,,6269,,法人買賣超
2020/9/30,上午 03:11:24,B,card,open,,6269,,集保分布
2020/9/30,上午 03:11:24,B,card,open,,6269,,ROE及ROA
2020/9/30,上午 03:11:24,B,card,open,,6269,,EPS
2020/9/30,上午 03:11:24,B,card,open,,6269,,三多風向圖
2020/9/30,上午 03:11:24,B,card,open,,6269,,PTT批踢踢
2020/9/30,上午 03:11:24,B,card,open,,6269,,新聞
2020/9/30,上午 03:11:24,B,card,open,,6269,,股價K線
2020/9/30,上午 03:11:24,E,card,open,,1785,,成長能力
2020/9/30,上午 03:11:24,E,card,open,,1785,,ROE及ROA
2020/9/30,上午 03:11:24,E,card,open,,1785,,PTT批踢踢
2020/9/30,上午 03:11:24,E,card,open,,1785,,新聞
2020/9/30,上午 03:11:24,E,card,open,,1785,,基本概況
2020/9/30,上午 03:11:24,E,card,open,,1785,,基本資料
2020/9/30,上午 03:11:24,E,card,open,,1785,,即時走勢
2020/9/30,上午 03:11:24,E,card,open,,1785,,股價K線
2020/9/30,上午 03:11:24,E,query,watchlistBar,,,1785,
2020/9/30,上午 03:11:24,D,card,open,,5820,,我的筆記
2020/9/30,上午 03:11:24,D,card,open,,5820,,基本概況
2020/9/30,上午 03:11:24,D,card,open,,5820,,新聞
2020/9/30,上午 03:11:24,D,card,open,,5820,,PTT批踢踢
2020/9/30,上午 03:11:24,D,card,open,,5820,,基本資料
2020/9/30,上午 03:11:24,D,card,open,,5820,,股價走勢
2020/9/30,上午 03:11:24,D,card,open,,5820,,即時走勢
2020/9/30,上午 03:11:24,D,card,open,,5820,,股價K線
2020/9/30,上午 03:11:24,B,query,watchlistBar,,,6269,
2020/9/30,上午 03:11:24,D,query,watchlistBar,,,5820,
2020/9/30,上午 03:11:23,D,card,open,,4968,,當日主力券商
2020/9/30,上午 03:11:23,D,card,open,,4968,,新聞
2020/9/30,上午 03:11:23,D,card,open,,4968,,我的筆記
2020/9/30,上午 03:11:23,D,card,open,,4968,,PTT批踢踢
2020/9/30,上午 03:11:23,D,card,open,,4968,,法人買賣超
2020/9/30,上午 03:11:23,D,card,open,,4968,,基本概況
2020/9/30,上午 03:11:23,D,card,open,,4968,,即時走勢
2020/9/30,上午 03:11:23,D,card,open,,4968,,基本資料
2020/9/30,上午 03:11:23,D,card,open,,4968,,股價K線
2020/9/30,上午 03:11:23,D,query,textSearch,,,4968,
2020/9/30,上午 03:11:23,E,query,localRecommendMenu,,1475,,搜尋熱度
2020/9/30,上午 03:11:23,C,card,open,,1326,,本益比河流圖
2020/9/30,上午 03:11:23,C,card,open,,1326,,即時走勢
2020/9/30,上午 03:11:23,C,card,open,,1326,,重大訊息
2020/9/30,上午 03:11:23,C,card,open,,1326,,融資融券
2020/9/30,上午 03:11:23,C,card,open,,1326,,現金流量表
2020/9/30,上午 03:11:23,C,card,open,,1326,,經營能力
2020/9/30,上午 03:11:23,C,card,open,,1326,,新聞
2020/9/30,上午 03:11:23,C,card,open,,1326,,法人買賣超
2020/9/30,上午 03:11:23,C,card,open,,1326,,股利政策
2020/9/30,上午 03:11:23,C,card,open,,1326,,集保分布
2020/9/30,上午 03:11:23,C,card,open,,1326,,申報轉讓
2020/9/30,上午 03:11:23,C,card,open,,1326,,EPS
2020/9/30,上午 03:11:23,C,card,open,,1326,,利潤比率
2020/9/30,上午 03:11:23,C,card,open,,1326,,基本概況
2020/9/30,上午 03:11:23,C,card,open,,1326,,營收
2020/9/30,上午 03:11:23,C,card,open,,1326,,股價K線
2020/9/30,上午 03:11:23,C,card,open,,1326,,董監持股
2020/9/30,上午 03:11:23,C,card,open,,1326,,基本資料
2020/9/30,上午 03:11:23,B,card,open,,6244,,我的筆記
2020/9/30,上午 03:11:23,B,card,open,,6244,,新聞
2020/9/30,上午 03:11:23,B,card,open,,6244,,股價走勢
2020/9/30,上午 03:11:23,B,card,open,,6244,,基本概況
2020/9/30,上午 03:11:23,B,card,open,,6244,,基本資料
2020/9/30,上午 03:11:23,B,card,open,,6244,,PTT批踢踢
2020/9/30,上午 03:11:23,B,card,open,,6244,,即時走勢
2020/9/30,上午 03:11:23,B,card,open,,6244,,股價K線
2020/9/30,上午 03:11:22,A,card,open,,6645,,我的筆記
2020/9/30,上午 03:11:22,A,card,open,,6645,,PTT批踢踢
2020/9/30,上午 03:11:22,A,card,open,,6645,,即時走勢
2020/9/30,上午 03:11:22,A,card,open,,6645,,基本概況
2020/9/30,上午 03:11:22,A,card,open,,6645,,新聞
2020/9/30,上午 03:11:22,A,card,open,,6645,,基本資料
2020/9/30,上午 03:11:22,A,card,open,,6645,,股價走勢
2020/9/30,上午 03:11:22,A,card,open,,6645,,股價K線
2020/9/30,上午 03:11:22,B,query,stock-card,,,6244,
2020/9/30,上午 03:11:22,A,query,watchlistBar,,,6645,
2020/9/30,上午 03:11:22,B,query,watchlistBar,,,0056,
2020/9/30,上午 03:11:22,B,card,open,,2208,,現金流量表
2020/9/30,上午 03:11:22,B,card,open,,2208,,資產負債表
2020/9/30,上午 03:11:22,B,card,open,,2208,,重大訊息
2020/9/30,上午 03:11:22,B,card,open,,2208,,經營能力
2020/9/30,上午 03:11:22,B,card,open,,2208,,股利政策
2020/9/30,上午 03:11:22,B,card,open,,2208,,成長能力
2020/9/30,上午 03:11:22,B,card,open,,2208,,損益表
2020/9/30,上午 03:11:22,B,card,open,,2208,,償債能力
2020/9/30,上午 03:11:22,B,card,open,,2208,,董監持股
2020/9/30,上午 03:11:22,B,card,open,,2208,,基本概況
2020/9/30,上午 03:11:22,B,card,open,,2208,,利潤比率
2020/9/30,上午 03:11:22,B,card,open,,2208,,本益比河流圖
2020/9/30,上午 03:11:22,B,card,open,,2208,,ROE及ROA
2020/9/30,上午 03:11:22,B,card,open,,2208,,EPS
2020/9/30,上午 03:11:22,B,card,open,,2208,,即時走勢
2020/9/30,上午 03:11:22,B,card,open,,2208,,法人買賣超
2020/9/30,上午 03:11:22,B,card,open,,2208,,股價走勢
2020/9/30,上午 03:11:22,B,card,open,,2208,,股價K線
2020/9/30,上午 03:11:22,B,card,open,,2208,,基本資料
2020/9/30,上午 03:11:21,B,query,watchlistBar,,,2208,
2020/9/30,上午 03:11:21,C,card,open,,2886,,我的筆記
2020/9/30,上午 03:11:21,C,card,open,,2886,,PTT批踢踢
2020/9/30,上午 03:11:21,C,card,open,,2886,,基本概況
2020/9/30,上午 03:11:21,C,card,open,,2886,,新聞
2020/9/30,上午 03:11:21,C,card,open,,2886,,基本資料
2020/9/30,上午 03:11:21,C,card,open,,2886,,即時走勢
2020/9/30,上午 03:11:21,C,card,open,,2886,,股價走勢
2020/9/30,上午 03:11:21,C,card,open,,2886,,股價K線
2020/9/30,上午 03:11:20,C,query,watchlistBar,,,2886,
2020/9/30,上午 03:11:20,B,card,open,,0056,,我的筆記
2020/9/30,上午 03:11:20,B,card,open,,0056,,PTT批踢踢
2020/9/30,上午 03:11:20,B,card,open,,0056,,即時走勢
2020/9/30,上午 03:11:20,B,card,open,,0056,,Beta係數
2020/9/30,上午 03:11:20,B,card,open,,0056,,基本概況
2020/9/30,上午 03:11:20,B,card,open,,0056,,股價K線
2020/9/30,上午 03:11:20,B,card,open,,0056,,樂活五線譜
2020/9/30,上午 03:11:20,B,card,open,,0056,,股利政策
2020/9/30,上午 03:11:20,B,card,open,,0056,,ETF持股明細
2020/9/30,上午 03:11:20,B,card,open,,0056,,股價走勢
2020/9/30,上午 03:11:20,B,card,open,,0056,,基本資料
2020/9/30,上午 03:11:19,A,card,open,,6239,,股價走勢
2020/9/30,上午 03:11:19,D,query,localRecommendMenu,,SPY,,PEG計算機
2020/9/30,上午 03:11:19,D,card,open,,1444,,當日主力券商
2020/9/30,上午 03:11:19,D,card,open,,1444,,新聞
2020/9/30,上午 03:11:19,D,card,open,,1444,,PTT批踢踢
2020/9/30,上午 03:11:19,D,card,open,,1444,,法人買賣超
2020/9/30,上午 03:11:19,A,card,open,,2368,,融資融券
2020/9/30,上午 03:11:19,A,card,open,,2368,,重大訊息
2020/9/30,上午 03:11:19,D,card,open,,1444,,我的筆記
2020/9/30,上午 03:11:19,A,card,open,,2368,,營收
2020/9/30,上午 03:11:19,D,card,open,,1444,,基本概況
2020/9/30,上午 03:11:19,A,card,open,,2368,,EPS
2020/9/30,上午 03:11:19,D,card,open,,1444,,即時走勢
2020/9/30,上午 03:11:19,A,card,open,,2368,,近期主力券商
2020/9/30,上午 03:11:19,D,card,open,,1444,,基本資料
2020/9/30,上午 03:11:19,A,card,open,,2368,,股利政策
2020/9/30,上午 03:11:19,A,card,open,,2368,,當日主力券商
2020/9/30,上午 03:11:19,D,card,open,,1444,,股價K線
2020/9/30,上午 03:11:19,A,card,open,,2368,,法人買賣超
2020/9/30,上午 03:11:19,A,card,open,,2368,,PTT批踢踢
2020/9/30,上午 03:11:19,A,card,open,,2368,,基本概況
2020/9/30,上午 03:11:19,A,card,open,,2368,,即時走勢
2020/9/30,上午 03:11:19,A,card,open,,2368,,基本資料
2020/9/30,上午 03:11:19,A,card,open,,2368,,新聞
2020/9/30,上午 03:11:19,A,card,open,,2368,,股價K線
2020/9/30,上午 03:11:19,D,query,textSearch,,,1444,
2020/9/30,上午 03:11:19,E,card,open,,4968,,PTT批踢踢
2020/9/30,上午 03:11:19,E,card,open,,4968,,基本概況
2020/9/30,上午 03:11:19,E,card,open,,4968,,新聞
2020/9/30,上午 03:11:19,E,card,open,,4968,,基本資料
2020/9/30,上午 03:11:19,E,card,open,,4968,,即時走勢
2020/9/30,上午 03:11:19,E,card,open,,4968,,股價K線
2020/9/30,上午 03:11:19,E,query,watchlistBar,,,4968,
2020/9/30,上午 03:11:18,B,query,watchlistBar,,,0056,
2020/9/30,上午 03:11:18,B,card,open,,8163,,融資融券
2020/9/30,上午 03:11:18,B,card,open,,8163,,基本資料
2020/9/30,上午 03:11:18,B,card,open,,8163,,集保分布
2020/9/30,上午 03:11:18,B,card,open,,8163,,法人買賣超
2020/9/30,上午 03:11:18,B,card,open,,8163,,ROE及ROA
2020/9/30,上午 03:11:18,B,card,open,,8163,,EPS
2020/9/30,上午 03:11:18,B,card,open,,8163,,三多風向圖
2020/9/30,上午 03:11:18,B,card,open,,8163,,PTT批踢踢
2020/9/30,上午 03:11:18,B,card,open,,8163,,新聞
2020/9/30,上午 03:11:18,B,card,open,,8163,,股價K線
2020/9/30,上午 03:11:18,A,card,open,,6239,,新聞
2020/9/30,上午 03:11:18,B,query,watchlistBar,,,8163,
2020/9/30,上午 03:11:18,A,card,open,,3481,,我的筆記
2020/9/30,上午 03:11:18,A,card,open,,3481,,PTT批踢踢
2020/9/30,上午 03:11:18,A,card,open,,3481,,股價走勢
2020/9/30,上午 03:11:18,A,card,open,,3481,,基本概況
2020/9/30,上午 03:11:18,A,card,open,,3481,,股價K線
2020/9/30,上午 03:11:18,A,card,open,,3481,,即時走勢
2020/9/30,上午 03:11:18,A,card,open,,3481,,新聞
2020/9/30,上午 03:11:18,A,card,open,,3481,,基本資料
2020/9/30,上午 03:11:18,B,query,watchlistBar,,,8163,
2020/9/30,上午 03:11:18,A,query,watchlistBar,,,3481,
2020/9/30,上午 03:11:18,B,card,open,,2303,,Beta係數
2020/9/30,上午 03:11:18,C,watchlist,removeSymbol,,5521,,
2020/9/30,上午 03:11:18,D,query,watchlistBar,,,2303,
2020/9/30,上午 03:11:17,B,card,open,,2303,,即時走勢
2020/9/30,上午 03:11:17,B,card,open,,2303,,股價走勢
2020/9/30,上午 03:11:17,B,card,open,,2303,,股價K線
2020/9/30,上午 03:11:17,E,card,open,,6244,,股價走勢
2020/9/30,上午 03:11:17,E,card,open,,6244,,PTT批踢踢
2020/9/30,上午 03:11:17,E,card,open,,6244,,我的筆記
2020/9/30,上午 03:11:17,E,card,open,,6244,,新聞
2020/9/30,上午 03:11:17,E,card,open,,6244,,基本概況
2020/9/30,上午 03:11:17,E,card,open,,6244,,基本資料
2020/9/30,上午 03:11:17,E,card,open,,6244,,即時走勢
2020/9/30,上午 03:11:17,E,card,open,,6244,,股價K線
2020/9/30,上午 03:11:17,A,query,watchlistBar,,,2368,
2020/9/30,上午 03:11:17,B,query,watchlistBar,,,2303,
2020/9/30,上午 03:11:17,A,card,open,,2357,,PTT批踢踢
2020/9/30,上午 03:11:17,A,card,open,,2357,,我的筆記
2020/9/30,上午 03:11:17,A,card,open,,2357,,基本概況
2020/9/30,上午 03:11:17,A,card,open,,2357,,新聞
2020/9/30,上午 03:11:17,A,card,open,,2357,,即時走勢
2020/9/30,上午 03:11:17,A,card,open,,2357,,基本資料
2020/9/30,上午 03:11:17,A,card,open,,2357,,股價走勢
2020/9/30,上午 03:11:17,A,card,open,,2357,,股價K線
2020/9/30,上午 03:11:17,D,card,open,,2412,,基本概況
2020/9/30,上午 03:11:17,D,card,open,,2412,,基本資料
2020/9/30,上午 03:11:17,D,card,open,,2412,,我的筆記
2020/9/30,上午 03:11:17,D,card,open,,2412,,新聞
2020/9/30,上午 03:11:17,D,card,open,,2412,,PTT批踢踢
2020/9/30,上午 03:11:17,D,card,open,,2412,,即時走勢
2020/9/30,上午 03:11:17,D,card,open,,2412,,股價K線
2020/9/30,上午 03:11:17,D,card,open,,2412,,股價走勢
2020/9/30,上午 03:11:17,E,query,watchlistBar,,,6244,
2020/9/30,上午 03:11:17,A,query,watchlistBar,,,2357,
2020/9/30,上午 03:11:16,D,query,textSearch,,,2412,
2020/9/30,上午 03:11:15,E,card,open,,4976,,即時走勢
2020/9/30,上午 03:11:15,E,card,open,,4976,,成長能力
2020/9/30,上午 03:11:15,E,card,open,,4976,,新聞
2020/9/30,上午 03:11:15,E,card,open,,4976,,基本概況
2020/9/30,上午 03:11:15,E,card,open,,4976,,本益比河流圖
2020/9/30,上午 03:11:15,E,card,open,,4976,,EPS
2020/9/30,上午 03:11:15,E,card,open,,4976,,基本資料
2020/9/30,上午 03:11:15,E,card,open,,4976,,營收
2020/9/30,上午 03:11:15,E,card,open,,4976,,我的筆記
2020/9/30,上午 03:11:15,E,card,open,,4976,,PTT批踢踢
2020/9/30,上午 03:11:15,E,card,open,,4976,,董監持股
2020/9/30,上午 03:11:15,E,card,open,,4976,,申報轉讓
2020/9/30,上午 03:11:15,E,card,open,,4976,,融資融券
2020/9/30,上午 03:11:15,E,card,open,,4976,,當日主力券商
2020/9/30,上午 03:11:15,E,card,open,,4976,,集保分布
2020/9/30,上午 03:11:15,E,card,open,,4976,,法人買賣超
2020/9/30,上午 03:11:15,E,card,open,,4976,,股價K線
2020/9/30,上午 03:11:15,D,card,open,,4976,,當日主力券商
2020/9/30,上午 03:11:15,D,card,open,,4976,,新聞
2020/9/30,上午 03:11:15,D,card,open,,4976,,PTT批踢踢
2020/9/30,上午 03:11:15,D,card,open,,4976,,法人買賣超
2020/9/30,上午 03:11:15,D,card,open,,4976,,我的筆記
2020/9/30,上午 03:11:15,D,card,open,,4976,,基本概況
2020/9/30,上午 03:11:15,D,card,open,,4976,,基本資料
2020/9/30,上午 03:11:15,D,card,open,,4976,,即時走勢
2020/9/30,上午 03:11:15,D,card,open,,4976,,股價K線
2020/9/30,上午 03:11:15,D,query,textSearch,,,加凌,
2020/9/30,上午 03:11:15,E,query,watchlistBar,,,4976,
2020/9/30,上午 03:11:14,B,card,open,,2208,,成長能力
2020/9/30,上午 03:11:14,B,card,open,,2208,,損益表
2020/9/30,上午 03:11:14,B,card,open,,2208,,資產負債表
2020/9/30,上午 03:11:14,B,card,open,,2208,,償債能力
2020/9/30,上午 03:11:14,B,card,open,,2208,,重大訊息
2020/9/30,上午 03:11:14,B,card,open,,2208,,董監持股
2020/9/30,上午 03:11:14,B,card,open,,2208,,股利政策
2020/9/30,上午 03:11:14,B,card,open,,2208,,現金流量表
2020/9/30,上午 03:11:14,B,card,open,,2208,,經營能力
